board_path,board,anchor,state,name
"wireframes/FnB Board 1.dc.html","FnB Board 1","fnb-1b",bare,""
"wireframes/FnB Board 1.dc.html","FnB Board 1","fnb-1c",bare,""
"wireframes/FnB Board 1.dc.html","FnB Board 1","fnb-1d",bare,""
"wireframes/FnB Board 1.dc.html","FnB Board 1","fnb-1e",bare,""
"wireframes/FnB Board 1.dc.html","FnB Board 1","fnb-1f",bare,""
"wireframes/FnB Board 1.dc.html","FnB Board 1","fnb-1g",bare,""
"wireframes/FnB Board 1.dc.html","FnB Board 1","bo-134",bare,""
"wireframes/FnB Board 1.dc.html","FnB Board 1","bo-135",bare,""
"wireframes/FnB Board 1.dc.html","FnB Board 1","fnb-1k",bare,""
"wireframes/FnB Board 2.dc.html","FnB Board 2","bo-045",bare,""
"wireframes/FnB Board 2.dc.html","FnB Board 2","bo-109",bare,""
"wireframes/FnB Board 2.dc.html","FnB Board 2","fnb-2c",bare,""
"wireframes/FnB Board 2.dc.html","FnB Board 2","fnb-2d",bare,""
"wireframes/FnB Board 2.dc.html","FnB Board 2","fnb-2e",bare,""
"wireframes/FnB Board 2.dc.html","FnB Board 2","bo-137",bare,""
"wireframes/FnB Board 2.dc.html","FnB Board 2","fnb-2g",bare,""
"wireframes/FnB Board 2.dc.html","FnB Board 2","fnb-2h",bare,""
"wireframes/FnB Board 2.dc.html","FnB Board 2","fnb-2j",bare,""
"wireframes/FnB Board 2.dc.html","FnB Board 2","fnb-2k",bare,""
"wireframes/FnB Board 2.dc.html","FnB Board 2","bo-111",bare,""
"wireframes/FnB Board 2.dc.html","FnB Board 2","bo-136",bare,""
"wireframes/FnB Board 2.dc.html","FnB Board 2","fnb-2n",bare,""
"wireframes/FnB Board 3.dc.html","FnB Board 3","kit-001",bare,""
"wireframes/FnB Board 3.dc.html","FnB Board 3","kit-002",bare,""
"wireframes/FnB Board 3.dc.html","FnB Board 3","kit-003",bare,""
"wireframes/FnB Board 3.dc.html","FnB Board 3","fnb-3d",bare,""
"wireframes/FnB Board 3.dc.html","FnB Board 3","kit-005",bare,""
"wireframes/FnB Board 3.dc.html","FnB Board 3","kit-006",bare,""
"wireframes/FnB Board 3.dc.html","FnB Board 3","fnb-3g",bare,""
"wireframes/FnB Board 3.dc.html","FnB Board 3","kit-008",bare,""
"wireframes/FnB Board 3.dc.html","FnB Board 3","kit-009",bare,""
"wireframes/FnB Board 3.dc.html","FnB Board 3","fnb-3k",bare,""
"wireframes/FnB Board 4.dc.html","FnB Board 4","emp-058",bare,""
"wireframes/FnB Board 4.dc.html","FnB Board 4","emp-052",bare,""
"wireframes/FnB Board 4.dc.html","FnB Board 4","emp-060",bare,""
"wireframes/FnB Board 4.dc.html","FnB Board 4","emp-061",bare,""
"wireframes/FnB Board 4.dc.html","FnB Board 4","emp-055",bare,""
"wireframes/FnB Board 4.dc.html","FnB Board 4","emp-063",bare,""
"wireframes/FnB Board 4.dc.html","FnB Board 4","emp-064",bare,""
"wireframes/FnB Board 4.dc.html","FnB Board 4","fnb-4h",bare,""
"wireframes/FnB Board 4.dc.html","FnB Board 4","emp-059",bare,""
"wireframes/FnB Board 4.dc.html","FnB Board 4","fnb-4k",bare,""
"wireframes/FnB Board 5.dc.html","FnB Board 5","fnb-5a",bare,""
"wireframes/FnB Board 5.dc.html","FnB Board 5","fnb-5b",bare,""
"wireframes/FnB Board 5.dc.html","FnB Board 5","fnb-5c",bare,""
"wireframes/FnB Board 5.dc.html","FnB Board 5","fnb-5d",bare,""
"wireframes/FnB Board 5.dc.html","FnB Board 5","emp-067",bare,""
"wireframes/FnB Board 5.dc.html","FnB Board 5","fnb-5f",bare,""
"wireframes/FnB Board 5.dc.html","FnB Board 5","emp-065",bare,""
"wireframes/FnB Board 5.dc.html","FnB Board 5","fnb-5h",bare,""
"wireframes/FnB Board 5.dc.html","FnB Board 5","emp-062",bare,""
"wireframes/FnB Board 5.dc.html","FnB Board 5","fnb-5k",bare,""
"wireframes/FnB Board 6.dc.html","FnB Board 6","fnb-6a",bare,""
"wireframes/FnB Board 6.dc.html","FnB Board 6","fnb-6b",bare,""
"wireframes/FnB Board 6.dc.html","FnB Board 6","fnb-6c",bare,""
"wireframes/FnB Board 6.dc.html","FnB Board 6","fnb-6d",bare,""
"wireframes/FnB Board 6.dc.html","FnB Board 6","fnb-6e",bare,""
"wireframes/FnB Board 6.dc.html","FnB Board 6","fnb-6f",bare,""
"wireframes/FnB Board 6.dc.html","FnB Board 6","fnb-6g",bare,""
"wireframes/FnB Board 6.dc.html","FnB Board 6","fnb-6h",bare,""
"wireframes/FnB Board 6.dc.html","FnB Board 6","fnb-6j",bare,""
"wireframes/FnB Board 6.dc.html","FnB Board 6","fnb-6k",bare,""
"wireframes/Guest Mobile Board 1.dc.html","Guest Mobile Board 1","gm-1a",bare,""
"wireframes/Guest Mobile Board 1.dc.html","Guest Mobile Board 1","gst-005",bare,""
"wireframes/Guest Mobile Board 1.dc.html","Guest Mobile Board 1","gm-1c",bare,""
"wireframes/Guest Mobile Board 1.dc.html","Guest Mobile Board 1","gm-1d",bare,""
"wireframes/Guest Mobile Board 1.dc.html","Guest Mobile Board 1","gm-1e",bare,""
"wireframes/Guest Mobile Board 2.dc.html","Guest Mobile Board 2","gm-2a",bare,""
"wireframes/Guest Mobile Board 2.dc.html","Guest Mobile Board 2","gm-2b",bare,""
"wireframes/Guest Mobile Board 2.dc.html","Guest Mobile Board 2","gm-2c",bare,""
"wireframes/Guest Mobile Board 2.dc.html","Guest Mobile Board 2","gm-2d",bare,""
"wireframes/Guest Mobile Board 2.dc.html","Guest Mobile Board 2","gm-2e",bare,""
"wireframes/Guest Mobile Board 3.dc.html","Guest Mobile Board 3","gm-3a",bare,""
"wireframes/Guest Mobile Board 3.dc.html","Guest Mobile Board 3","gm-3b",bare,""
"wireframes/Guest Mobile Board 3.dc.html","Guest Mobile Board 3","gm-3c",bare,""
"wireframes/Guest Mobile Board 3.dc.html","Guest Mobile Board 3","gm-3d",bare,""
"wireframes/Guest Mobile Board 3.dc.html","Guest Mobile Board 3","gm-3e",bare,""
"wireframes/Guest Mobile Board 4.dc.html","Guest Mobile Board 4","gm-4a",bare,""
"wireframes/Guest Mobile Board 4.dc.html","Guest Mobile Board 4","gm-4b",bare,""
"wireframes/Guest Mobile Board 4.dc.html","Guest Mobile Board 4","gm-4c",bare,""
"wireframes/Guest Mobile Board 4.dc.html","Guest Mobile Board 4","gm-4d",bare,""
"wireframes/Guest Mobile Board 4.dc.html","Guest Mobile Board 4","gm-4e",bare,""
"wireframes/Guest Mobile Board 5.dc.html","Guest Mobile Board 5","gm-5a",bare,""
"wireframes/Guest Mobile Board 5.dc.html","Guest Mobile Board 5","gm-5b",bare,""
"wireframes/Guest Mobile Board 5.dc.html","Guest Mobile Board 5","gm-5c",bare,""
"wireframes/Guest Mobile Board 5.dc.html","Guest Mobile Board 5","gm-5d",bare,""
"wireframes/Guest Mobile Board 5.dc.html","Guest Mobile Board 5","gm-5e",bare,""
"wireframes/Guest Mobile Board 6.dc.html","Guest Mobile Board 6","gm-6a",bare,""
"wireframes/Guest Mobile Board 6.dc.html","Guest Mobile Board 6","gm-6b",bare,""
"wireframes/Guest Mobile Board 6.dc.html","Guest Mobile Board 6","gm-6c",bare,""
"wireframes/Guest Mobile Board 6.dc.html","Guest Mobile Board 6","gm-6d",bare,""
"wireframes/Guest Mobile Board 6.dc.html","Guest Mobile Board 6","gm-6e",bare,""
"wireframes/Guest Mobile Board 7.dc.html","Guest Mobile Board 7","gm-7a",bare,""
"wireframes/Guest Mobile Board 7.dc.html","Guest Mobile Board 7","gm-7b",bare,""
"wireframes/Guest Mobile Board 7.dc.html","Guest Mobile Board 7","gm-7c",bare,""
"wireframes/Guest Mobile Board 7.dc.html","Guest Mobile Board 7","gm-7d",bare,""
"wireframes/Guest Mobile Board 7.dc.html","Guest Mobile Board 7","gm-7e",bare,""
"wireframes/Guest Mobile Board 8.dc.html","Guest Mobile Board 8","gm-8a",bare,""
"wireframes/Guest Mobile Board 8.dc.html","Guest Mobile Board 8","gm-8b",bare,""
"wireframes/Guest Mobile Board 8.dc.html","Guest Mobile Board 8","gm-8c",bare,""
"wireframes/Guest Mobile Board 8.dc.html","Guest Mobile Board 8","gm-8d",bare,""
"wireframes/Guest Mobile Board 8.dc.html","Guest Mobile Board 8","gm-8e",bare,""
"wireframes/Inventory Board 1.dc.html","Inventory Board 1","inv-2",bare,""
"wireframes/Inventory Board 1.dc.html","Inventory Board 1","inv-3",bare,""
"wireframes/Inventory Board 1.dc.html","Inventory Board 1","inv-4",bare,""
"wireframes/Inventory Board 1.dc.html","Inventory Board 1","inv-5",bare,""
"wireframes/Inventory Board 1.dc.html","Inventory Board 1","inv-7",bare,""
"wireframes/Inventory Board 1.dc.html","Inventory Board 1","inv-8",bare,""
"wireframes/Inventory Board 1.dc.html","Inventory Board 1","inv-9",bare,""
"wireframes/Inventory Board 2.dc.html","Inventory Board 2","inv-2a",bare,""
"wireframes/Inventory Board 2.dc.html","Inventory Board 2","inv-2b",bare,""
"wireframes/Inventory Board 2.dc.html","Inventory Board 2","inv-2c",bare,""
"wireframes/Inventory Board 2.dc.html","Inventory Board 2","inv-2d",bare,""
"wireframes/Inventory Board 2.dc.html","Inventory Board 2","inv-2e",bare,""
"wireframes/Inventory Board 2.dc.html","Inventory Board 2","inv-2f",bare,""
"wireframes/Inventory Board 2.dc.html","Inventory Board 2","inv-2g",bare,""
"wireframes/Inventory Board 2.dc.html","Inventory Board 2","inv-2h",bare,""
"wireframes/Inventory Board 2.dc.html","Inventory Board 2","inv-2j",bare,""
"wireframes/Inventory Board 2.dc.html","Inventory Board 2","inv-2k",bare,""
"wireframes/Inventory Board 3.dc.html","Inventory Board 3","inv-3a",bare,""
"wireframes/Inventory Board 3.dc.html","Inventory Board 3","inv-3b",bare,""
"wireframes/Inventory Board 3.dc.html","Inventory Board 3","inv-3c",bare,""
"wireframes/Inventory Board 3.dc.html","Inventory Board 3","inv-3d",bare,""
"wireframes/Inventory Board 3.dc.html","Inventory Board 3","inv-3e",bare,""
"wireframes/Inventory Board 3.dc.html","Inventory Board 3","inv-3f",bare,""
"wireframes/Inventory Board 3.dc.html","Inventory Board 3","inv-3g",bare,""
"wireframes/Inventory Board 3.dc.html","Inventory Board 3","inv-3h",bare,""
"wireframes/Inventory Board 3.dc.html","Inventory Board 3","inv-3j",bare,""
"wireframes/Inventory Board 3.dc.html","Inventory Board 3","inv-3k",bare,""
"wireframes/Inventory Board 4.dc.html","Inventory Board 4","inv-4a",bare,""
"wireframes/Inventory Board 4.dc.html","Inventory Board 4","inv-4b",bare,""
"wireframes/Inventory Board 4.dc.html","Inventory Board 4","inv-4c",bare,""
"wireframes/Inventory Board 4.dc.html","Inventory Board 4","inv-4d",bare,""
"wireframes/Inventory Board 4.dc.html","Inventory Board 4","inv-4e",bare,""
"wireframes/Inventory Board 4.dc.html","Inventory Board 4","inv-4f",bare,""
"wireframes/Inventory Board 4.dc.html","Inventory Board 4","inv-4g",bare,""
"wireframes/Inventory Board 4.dc.html","Inventory Board 4","inv-4h",bare,""
"wireframes/Inventory Board 4.dc.html","Inventory Board 4","inv-4j",bare,""
"wireframes/Inventory Board 4.dc.html","Inventory Board 4","inv-4k",bare,""
"wireframes/Inventory Board 5.dc.html","Inventory Board 5","inv-5a",bare,""
"wireframes/Inventory Board 5.dc.html","Inventory Board 5","inv-5b",bare,""
"wireframes/Inventory Board 5.dc.html","Inventory Board 5","inv-5c",bare,""
"wireframes/Inventory Board 5.dc.html","Inventory Board 5","inv-5d",bare,""
"wireframes/Inventory Board 5.dc.html","Inventory Board 5","inv-5e",bare,""
"wireframes/Inventory Board 5.dc.html","Inventory Board 5","inv-5f",bare,""
"wireframes/Inventory Board 5.dc.html","Inventory Board 5","inv-5g",bare,""
"wireframes/Inventory Board 5.dc.html","Inventory Board 5","inv-5h",bare,""
"wireframes/Inventory Board 5.dc.html","Inventory Board 5","inv-5j",bare,""
"wireframes/Inventory Board 5.dc.html","Inventory Board 5","inv-5k",bare,""
"wireframes/Inventory Board 6.dc.html","Inventory Board 6","inv-6a",bare,""
"wireframes/Inventory Board 6.dc.html","Inventory Board 6","inv-6b",bare,""
"wireframes/Inventory Board 6.dc.html","Inventory Board 6","inv-6c",bare,""
"wireframes/Inventory Board 6.dc.html","Inventory Board 6","inv-6d",bare,""
"wireframes/Inventory Board 6.dc.html","Inventory Board 6","inv-6e",bare,""
"wireframes/Inventory Board 6.dc.html","Inventory Board 6","inv-6f",bare,""
"wireframes/Inventory Board 6.dc.html","Inventory Board 6","inv-6g",bare,""
"wireframes/Inventory Board 6.dc.html","Inventory Board 6","inv-6h",bare,""
"wireframes/Inventory Board 6.dc.html","Inventory Board 6","inv-6i",bare,""
"wireframes/Inventory Board 6.dc.html","Inventory Board 6","inv-6j",bare,""
"wireframes/Inventory Board 7.dc.html","Inventory Board 7","inv-7a",bare,""
"wireframes/Inventory Board 7.dc.html","Inventory Board 7","inv-7b",bare,""
"wireframes/Inventory Board 7.dc.html","Inventory Board 7","inv-7c",bare,""
"wireframes/Inventory Board 7.dc.html","Inventory Board 7","inv-7d",bare,""
"wireframes/Inventory Board 7.dc.html","Inventory Board 7","inv-7e",bare,""
"wireframes/Inventory Board 7.dc.html","Inventory Board 7","inv-7f",bare,""
"wireframes/Inventory Board 7.dc.html","Inventory Board 7","inv-7g",bare,""
"wireframes/Inventory Board 7.dc.html","Inventory Board 7","inv-7h",bare,""
"wireframes/Inventory Board 7.dc.html","Inventory Board 7","inv-7i",bare,""
"wireframes/Inventory Board 7.dc.html","Inventory Board 7","inv-7j",bare,""
"wireframes/Marketing Board 1.dc.html","Marketing Board 1","crm-1a",bare,""
"wireframes/Marketing Board 1.dc.html","Marketing Board 1","crm-1c",bare,""
"wireframes/Marketing Board 1.dc.html","Marketing Board 1","crm-1d",bare,""
"wireframes/Marketing Board 1.dc.html","Marketing Board 1","crm-1e",bare,""
"wireframes/Marketing Board 1.dc.html","Marketing Board 1","crm-1f",bare,""
"wireframes/Marketing Board 1.dc.html","Marketing Board 1","crm-1g",bare,""
"wireframes/Marketing Board 1.dc.html","Marketing Board 1","crm-1h",bare,""
"wireframes/Marketing Board 1.dc.html","Marketing Board 1","crm-1i",bare,""
"wireframes/Marketing Board 1.dc.html","Marketing Board 1","crm-1j",bare,""
"wireframes/Marketing Board 10.dc.html","Marketing Board 10","crm-10a",bare,""
"wireframes/Marketing Board 10.dc.html","Marketing Board 10","crm-10b",bare,""
"wireframes/Marketing Board 10.dc.html","Marketing Board 10","crm-10c",bare,""
"wireframes/Marketing Board 10.dc.html","Marketing Board 10","crm-10d",bare,""
"wireframes/Marketing Board 10.dc.html","Marketing Board 10","crm-10e",bare,""
"wireframes/Marketing Board 10.dc.html","Marketing Board 10","crm-10f",bare,""
"wireframes/Marketing Board 10.dc.html","Marketing Board 10","crm-10g",bare,""
"wireframes/Marketing Board 10.dc.html","Marketing Board 10","crm-10h",bare,""
"wireframes/Marketing Board 10.dc.html","Marketing Board 10","crm-10i",bare,""
"wireframes/Marketing Board 10.dc.html","Marketing Board 10","crm-10j",bare,""
"wireframes/Marketing Board 11.dc.html","Marketing Board 11","crm-11a",bare,""
"wireframes/Marketing Board 11.dc.html","Marketing Board 11","crm-11b",bare,""
"wireframes/Marketing Board 11.dc.html","Marketing Board 11","crm-11c",bare,""
"wireframes/Marketing Board 11.dc.html","Marketing Board 11","crm-11d",bare,""
"wireframes/Marketing Board 11.dc.html","Marketing Board 11","crm-11e",bare,""
"wireframes/Marketing Board 11.dc.html","Marketing Board 11","crm-11f",bare,""
"wireframes/Marketing Board 11.dc.html","Marketing Board 11","crm-11g",bare,""
"wireframes/Marketing Board 11.dc.html","Marketing Board 11","crm-11h",bare,""
"wireframes/Marketing Board 11.dc.html","Marketing Board 11","crm-11i",bare,""
"wireframes/Marketing Board 11.dc.html","Marketing Board 11","crm-11j",bare,""
"wireframes/Marketing Board 12.dc.html","Marketing Board 12","crm-12a",bare,""
"wireframes/Marketing Board 12.dc.html","Marketing Board 12","crm-12b",bare,""
"wireframes/Marketing Board 12.dc.html","Marketing Board 12","crm-12c",bare,""
"wireframes/Marketing Board 12.dc.html","Marketing Board 12","crm-12d",bare,""
"wireframes/Marketing Board 12.dc.html","Marketing Board 12","crm-12e",bare,""
"wireframes/Marketing Board 12.dc.html","Marketing Board 12","crm-12f",bare,""
"wireframes/Marketing Board 12.dc.html","Marketing Board 12","crm-12g",bare,""
"wireframes/Marketing Board 12.dc.html","Marketing Board 12","crm-12h",bare,""
"wireframes/Marketing Board 12.dc.html","Marketing Board 12","crm-12i",bare,""
"wireframes/Marketing Board 12.dc.html","Marketing Board 12","crm-12j",bare,""
"wireframes/Marketing Board 2.dc.html","Marketing Board 2","crm-2a",bare,""
"wireframes/Marketing Board 2.dc.html","Marketing Board 2","crm-2b",bare,""
"wireframes/Marketing Board 2.dc.html","Marketing Board 2","crm-2c",bare,""
"wireframes/Marketing Board 2.dc.html","Marketing Board 2","crm-2d",bare,""
"wireframes/Marketing Board 2.dc.html","Marketing Board 2","crm-2e",bare,""
"wireframes/Marketing Board 2.dc.html","Marketing Board 2","crm-2f",bare,""
"wireframes/Marketing Board 2.dc.html","Marketing Board 2","crm-2g",bare,""
"wireframes/Marketing Board 2.dc.html","Marketing Board 2","crm-2h",bare,""
"wireframes/Marketing Board 2.dc.html","Marketing Board 2","crm-2i",bare,""
"wireframes/Marketing Board 2.dc.html","Marketing Board 2","crm-2j",bare,""
"wireframes/Marketing Board 3.dc.html","Marketing Board 3","crm-3a",bare,""
"wireframes/Marketing Board 3.dc.html","Marketing Board 3","crm-3b",bare,""
"wireframes/Marketing Board 3.dc.html","Marketing Board 3","crm-3c",bare,""
"wireframes/Marketing Board 3.dc.html","Marketing Board 3","crm-3d",bare,""
"wireframes/Marketing Board 3.dc.html","Marketing Board 3","crm-3e",bare,""
"wireframes/Marketing Board 3.dc.html","Marketing Board 3","crm-3f",bare,""
"wireframes/Marketing Board 3.dc.html","Marketing Board 3","crm-3g",bare,""
"wireframes/Marketing Board 3.dc.html","Marketing Board 3","crm-3h",bare,""
"wireframes/Marketing Board 3.dc.html","Marketing Board 3","crm-3i",bare,""
"wireframes/Marketing Board 3.dc.html","Marketing Board 3","crm-3j",bare,""
"wireframes/Marketing Board 4.dc.html","Marketing Board 4","crm-4a",bare,""
"wireframes/Marketing Board 4.dc.html","Marketing Board 4","crm-4b",bare,""
"wireframes/Marketing Board 4.dc.html","Marketing Board 4","crm-4c",bare,""
"wireframes/Marketing Board 4.dc.html","Marketing Board 4","crm-4d",bare,""
"wireframes/Marketing Board 4.dc.html","Marketing Board 4","crm-4e",bare,""
"wireframes/Marketing Board 4.dc.html","Marketing Board 4","crm-4f",bare,""
"wireframes/Marketing Board 4.dc.html","Marketing Board 4","crm-4g",bare,""
"wireframes/Marketing Board 4.dc.html","Marketing Board 4","crm-4h",bare,""
"wireframes/Marketing Board 4.dc.html","Marketing Board 4","crm-4i",bare,""
"wireframes/Marketing Board 4.dc.html","Marketing Board 4","crm-4j",bare,""
"wireframes/Marketing Board 5.dc.html","Marketing Board 5","crm-5a",bare,""
"wireframes/Marketing Board 5.dc.html","Marketing Board 5","crm-5b",bare,""
"wireframes/Marketing Board 5.dc.html","Marketing Board 5","crm-5c",bare,""
"wireframes/Marketing Board 5.dc.html","Marketing Board 5","crm-5d",bare,""
"wireframes/Marketing Board 5.dc.html","Marketing Board 5","crm-5e",bare,""
"wireframes/Marketing Board 5.dc.html","Marketing Board 5","crm-5f",bare,""
"wireframes/Marketing Board 5.dc.html","Marketing Board 5","crm-5g",bare,""
"wireframes/Marketing Board 5.dc.html","Marketing Board 5","crm-5h",bare,""
"wireframes/Marketing Board 5.dc.html","Marketing Board 5","crm-5i",bare,""
"wireframes/Marketing Board 5.dc.html","Marketing Board 5","crm-5j",bare,""
"wireframes/Marketing Board 6.dc.html","Marketing Board 6","crm-6a",bare,""
"wireframes/Marketing Board 6.dc.html","Marketing Board 6","crm-6b",bare,""
"wireframes/Marketing Board 6.dc.html","Marketing Board 6","crm-6c",bare,""
"wireframes/Marketing Board 6.dc.html","Marketing Board 6","crm-6d",bare,""
"wireframes/Marketing Board 6.dc.html","Marketing Board 6","crm-6e",bare,""
"wireframes/Marketing Board 6.dc.html","Marketing Board 6","crm-6f",bare,""
"wireframes/Marketing Board 6.dc.html","Marketing Board 6","crm-6g",bare,""
"wireframes/Marketing Board 6.dc.html","Marketing Board 6","crm-6h",bare,""
"wireframes/Marketing Board 6.dc.html","Marketing Board 6","crm-6i",bare,""
"wireframes/Marketing Board 6.dc.html","Marketing Board 6","crm-6j",bare,""
"wireframes/Marketing Board 7.dc.html","Marketing Board 7","crm-7a",bare,""
"wireframes/Marketing Board 7.dc.html","Marketing Board 7","crm-7b",bare,""
"wireframes/Marketing Board 7.dc.html","Marketing Board 7","crm-7c",bare,""
"wireframes/Marketing Board 7.dc.html","Marketing Board 7","crm-7d",bare,""
"wireframes/Marketing Board 7.dc.html","Marketing Board 7","crm-7e",bare,""
"wireframes/Marketing Board 7.dc.html","Marketing Board 7","crm-7g",bare,""
"wireframes/Marketing Board 7.dc.html","Marketing Board 7","crm-7h",bare,""
"wireframes/Marketing Board 7.dc.html","Marketing Board 7","crm-7i",bare,""
"wireframes/Marketing Board 7.dc.html","Marketing Board 7","crm-7j",bare,""
"wireframes/Marketing Board 8.dc.html","Marketing Board 8","crm-8a",bare,""
"wireframes/Marketing Board 8.dc.html","Marketing Board 8","crm-8b",bare,""
"wireframes/Marketing Board 8.dc.html","Marketing Board 8","crm-8c",bare,""
"wireframes/Marketing Board 8.dc.html","Marketing Board 8","crm-8d",bare,""
"wireframes/Marketing Board 8.dc.html","Marketing Board 8","crm-8e",bare,""
"wireframes/Marketing Board 8.dc.html","Marketing Board 8","crm-8f",bare,""
"wireframes/Marketing Board 8.dc.html","Marketing Board 8","crm-8g",bare,""
"wireframes/Marketing Board 8.dc.html","Marketing Board 8","crm-8h",bare,""
"wireframes/Marketing Board 8.dc.html","Marketing Board 8","crm-8i",bare,""
"wireframes/Marketing Board 8.dc.html","Marketing Board 8","crm-8j",bare,""
"wireframes/Marketing Board 9.dc.html","Marketing Board 9","crm-9a",bare,""
"wireframes/Marketing Board 9.dc.html","Marketing Board 9","crm-9b",bare,""
"wireframes/Marketing Board 9.dc.html","Marketing Board 9","crm-9c",bare,""
"wireframes/Marketing Board 9.dc.html","Marketing Board 9","crm-9d",bare,""
"wireframes/Marketing Board 9.dc.html","Marketing Board 9","crm-9e",bare,""
"wireframes/Marketing Board 9.dc.html","Marketing Board 9","crm-9f",bare,""
"wireframes/Marketing Board 9.dc.html","Marketing Board 9","crm-9g",bare,""
"wireframes/Marketing Board 9.dc.html","Marketing Board 9","crm-9h",bare,""
"wireframes/Marketing Board 9.dc.html","Marketing Board 9","crm-9i",bare,""
"wireframes/Marketing Board 9.dc.html","Marketing Board 9","crm-9j",bare,""
"wireframes/P04 Staff POS.dc.html","P04 Staff POS","pos-001",bare,""
"wireframes/P04 Staff POS.dc.html","P04 Staff POS","pos-002",bare,""
"wireframes/P04 Staff POS.dc.html","P04 Staff POS","pos-003",bare,""
"wireframes/P04 Staff POS.dc.html","P04 Staff POS","pos-004",bare,""
"wireframes/P04 Staff POS.dc.html","P04 Staff POS","pos-010",bare,""
"wireframes/P04 Staff POS.dc.html","P04 Staff POS","pos-005",bare,""
"wireframes/P04 Staff POS.dc.html","P04 Staff POS","pos-006",bare,""
"wireframes/P04 Staff POS.dc.html","P04 Staff POS","pos-007",bare,""
"wireframes/P04 Staff POS.dc.html","P04 Staff POS","pos-008",bare,""
"wireframes/P04 Staff POS.dc.html","P04 Staff POS","pos-009",bare,""
"wireframes/P04 Venue POS.dc.html","P04 Venue POS","pos-001",named,"Begin Shift"
"wireframes/P04 Venue POS.dc.html","P04 Venue POS","pos-007",named,"Close Shift"
"wireframes/P04 Venue POS.dc.html","P04 Venue POS","pos-009",named,"Staff Roster"
"wireframes/P04 Venue POS.dc.html","P04 Venue POS","pos-002",named,"Sell — Ticket Catalogue"
"wireframes/P04 Venue POS.dc.html","P04 Venue POS","pos-006",named,"Held Orders"
"wireframes/P04 Venue POS.dc.html","P04 Venue POS","pos-011",named,"Returns, Refunds & Exchanges"
"wireframes/P04 Venue POS.dc.html","P04 Venue POS","pos-012",named,"Omnichannel Order & Fulfilment Center"
"wireframes/P04 Venue POS.dc.html","P04 Venue POS","pos-013",named,"Mobile POS, Event Sales & Offline Operations"
"wireframes/P04 Venue POS.dc.html","P04 Venue POS","pos-018",named,"Safe Drop & Cash Transfer Management"
"wireframes/P04 Venue POS.dc.html","P04 Venue POS","pos-019",named,"Shift Templates & Policies"
"wireframes/P04 Venue POS.dc.html","P04 Venue POS","pos-020",named,"Shift Exceptions & Alerts"
"wireframes/P04 Venue POS.dc.html","P04 Venue POS","pos-005",named,"Payment"
"wireframes/P06 Staff App.dc.html","P06 Staff App","emp-001",bare,""
"wireframes/P06 Staff App.dc.html","P06 Staff App","emp-002",bare,""
"wireframes/P06 Staff App.dc.html","P06 Staff App","emp-003",bare,""
"wireframes/P06 Staff App.dc.html","P06 Staff App","emp-048",bare,""
"wireframes/P06 Staff App.dc.html","P06 Staff App","emp-009",bare,""
"wireframes/P06 Staff App.dc.html","P06 Staff App","emp-010",bare,""
"wireframes/P06 Staff App.dc.html","P06 Staff App","emp-011",bare,""
"wireframes/P06 Staff App.dc.html","P06 Staff App","emp-012",bare,""
"wireframes/P06 Staff App.dc.html","P06 Staff App","emp-013",bare,""
"wireframes/P06 Staff App.dc.html","P06 Staff App","emp-014",bare,""
"wireframes/P06 Staff App.dc.html","P06 Staff App","emp-015",bare,""
"wireframes/P06 Staff App.dc.html","P06 Staff App","emp-016",bare,""
"wireframes/P06 Staff App.dc.html","P06 Staff App","emp-017",bare,""
"wireframes/P06 Staff App.dc.html","P06 Staff App","emp-018",bare,""
"wireframes/P06 Staff App.dc.html","P06 Staff App","emp-004",bare,""
"wireframes/P06 Staff App.dc.html","P06 Staff App","emp-005",bare,""
"wireframes/P06 Staff App.dc.html","P06 Staff App","emp-006",bare,""
"wireframes/P06 Staff App.dc.html","P06 Staff App","emp-007",bare,""
"wireframes/P06 Staff App.dc.html","P06 Staff App","emp-008",bare,""
"wireframes/P06 Staff App.dc.html","P06 Staff App","emp-019",bare,""
"wireframes/P06 Staff App.dc.html","P06 Staff App","emp-020",bare,""
"wireframes/P06 Staff App.dc.html","P06 Staff App","emp-031",bare,""
"wireframes/P06 Staff App.dc.html","P06 Staff App","emp-032",bare,""
"wireframes/P06 Staff App.dc.html","P06 Staff App","emp-033",bare,""
"wireframes/P06 Staff App.dc.html","P06 Staff App","emp-034",bare,""
"wireframes/P06 Staff App.dc.html","P06 Staff App","emp-035",bare,""
"wireframes/P06 Staff App.dc.html","P06 Staff App","emp-036",bare,""
"wireframes/P06 Staff App.dc.html","P06 Staff App","emp-037",bare,""
"wireframes/P06 Staff App.dc.html","P06 Staff App","emp-039",bare,""
"wireframes/P06 Staff App.dc.html","P06 Staff App","emp-047",bare,""
"wireframes/P06 Staff App.dc.html","P06 Staff App","emp-050",bare,""
"wireframes/P06 Staff App.dc.html","P06 Staff App","emp-021",bare,""
"wireframes/P06 Staff App.dc.html","P06 Staff App","emp-022",bare,""
"wireframes/P06 Staff App.dc.html","P06 Staff App","emp-023",bare,""
"wireframes/P06 Staff App.dc.html","P06 Staff App","emp-024",bare,""
"wireframes/P06 Staff App.dc.html","P06 Staff App","emp-025",bare,""
"wireframes/P06 Staff App.dc.html","P06 Staff App","emp-026",bare,""
"wireframes/P06 Staff App.dc.html","P06 Staff App","emp-027",bare,""
"wireframes/P06 Staff App.dc.html","P06 Staff App","emp-028",bare,""
"wireframes/P06 Staff App.dc.html","P06 Staff App","emp-029",bare,""
"wireframes/P06 Staff App.dc.html","P06 Staff App","emp-030",bare,""
"wireframes/P06 Staff App.dc.html","P06 Staff App","emp-038",bare,""
"wireframes/P06 Staff App.dc.html","P06 Staff App","emp-040",bare,""
"wireframes/P06 Staff App.dc.html","P06 Staff App","emp-041",bare,""
"wireframes/P06 Staff App.dc.html","P06 Staff App","emp-042",bare,""
"wireframes/P06 Staff App.dc.html","P06 Staff App","emp-043",bare,""
"wireframes/P06 Staff App.dc.html","P06 Staff App","emp-044",bare,""
"wireframes/P06 Staff App.dc.html","P06 Staff App","emp-045",bare,""
"wireframes/P06 Staff App.dc.html","P06 Staff App","emp-046",bare,""
"wireframes/P06 Staff App.dc.html","P06 Staff App","emp-049",bare,""
"wireframes/P06 Venue Staff App.dc.html","P06 Venue Staff App","emp-058",named,"Live Table & Service Management"
"wireframes/P06 Venue Staff App.dc.html","P06 Venue Staff App","emp-059",named,"Table Order, Bill & Payment Management"
"wireframes/P06 Venue Staff App.dc.html","P06 Venue Staff App","emp-060",named,"Reservation & Table Performance"
"wireframes/P06 Venue Staff App.dc.html","P06 Venue Staff App","emp-061",named,"Retail Inventory Command Center"
"wireframes/P06 Venue Staff App.dc.html","P06 Venue Staff App","emp-062",named,"Store Stock & SKU Availability"
"wireframes/P06 Venue Staff App.dc.html","P06 Venue Staff App","emp-063",named,"Requisition & Smart Store Replenishment"
"wireframes/P06 Venue Staff App.dc.html","P06 Venue Staff App","emp-064",named,"Store-to-Store & Warehouse Transfers"
"wireframes/P06 Venue Staff App.dc.html","P06 Venue Staff App","emp-065",named,"Receiving & Store Put-Away"
"wireframes/P06 Venue Staff App.dc.html","P06 Venue Staff App","emp-067",named,"Damage, Loss, Shrinkage & Stock Adjustment"
"wireframes/P07 Staff Scanner.dc.html","P07 Staff Scanner","scn-001",bare,""
"wireframes/P07 Staff Scanner.dc.html","P07 Staff Scanner","scn-002",bare,""
"wireframes/P07 Staff Scanner.dc.html","P07 Staff Scanner","scn-003",bare,""
"wireframes/P07 Staff Scanner.dc.html","P07 Staff Scanner","scn-004",bare,""
"wireframes/P07 Staff Scanner.dc.html","P07 Staff Scanner","scn-005",bare,""
"wireframes/P07 Staff Scanner.dc.html","P07 Staff Scanner","scn-006",bare,""
"wireframes/P07 Staff Scanner.dc.html","P07 Staff Scanner","scn-007",bare,""
"wireframes/P07 Staff Scanner.dc.html","P07 Staff Scanner","scn-008",bare,""
"wireframes/P07 Staff Scanner.dc.html","P07 Staff Scanner","scn-009",bare,""
"wireframes/P07 Staff Scanner.dc.html","P07 Staff Scanner","scn-010",bare,""
"wireframes/P07 Staff Scanner.dc.html","P07 Staff Scanner","scn-011",bare,""
"wireframes/P07 Staff Scanner.dc.html","P07 Staff Scanner","scn-012",bare,""
"wireframes/P07 Staff Scanner.dc.html","P07 Staff Scanner","scn-013",bare,""
"wireframes/P07 Staff Scanner.dc.html","P07 Staff Scanner","scn-014",bare,""
"wireframes/P07 Staff Scanner.dc.html","P07 Staff Scanner","scn-015",bare,""
"wireframes/P07 Staff Scanner.dc.html","P07 Staff Scanner","scn-016",bare,""
"wireframes/P08 Staff Web Back Office.dc.html","P08 Staff Web Back Office","bo-001",bare,""
"wireframes/P08 Staff Web Back Office.dc.html","P08 Staff Web Back Office","bo-002",bare,""
"wireframes/P08 Staff Web Back Office.dc.html","P08 Staff Web Back Office","bo-003",bare,""
"wireframes/P08 Staff Web Back Office.dc.html","P08 Staff Web Back Office","bo-004",bare,""
"wireframes/P08 Staff Web Back Office.dc.html","P08 Staff Web Back Office","bo-005",bare,""
"wireframes/P08 Staff Web Back Office.dc.html","P08 Staff Web Back Office","bo-007",bare,""
"wireframes/P08 Staff Web Back Office.dc.html","P08 Staff Web Back Office","bo-008",bare,""
"wireframes/P08 Staff Web Back Office.dc.html","P08 Staff Web Back Office","bo-009",bare,""
"wireframes/P08 Staff Web Back Office.dc.html","P08 Staff Web Back Office","bo-010",bare,""
"wireframes/P08 Staff Web Back Office.dc.html","P08 Staff Web Back Office","bo-011",bare,""
"wireframes/P08 Staff Web Back Office.dc.html","P08 Staff Web Back Office","bo-012",bare,""
"wireframes/P08 Staff Web Back Office.dc.html","P08 Staff Web Back Office","bo-013",bare,""
"wireframes/P08 Staff Web Back Office.dc.html","P08 Staff Web Back Office","bo-014",bare,""
"wireframes/P08 Staff Web Back Office.dc.html","P08 Staff Web Back Office","bo-015",bare,""
"wireframes/P08 Staff Web Back Office.dc.html","P08 Staff Web Back Office","bo-016",bare,""
"wireframes/P08 Staff Web Back Office.dc.html","P08 Staff Web Back Office","bo-017",bare,""
"wireframes/P08 Staff Web Back Office.dc.html","P08 Staff Web Back Office","bo-018",bare,""
"wireframes/P08 Staff Web Back Office.dc.html","P08 Staff Web Back Office","bo-019",bare,""
"wireframes/P08 Staff Web Back Office.dc.html","P08 Staff Web Back Office","bo-020",bare,""
"wireframes/P08 Staff Web Back Office.dc.html","P08 Staff Web Back Office","bo-021",bare,""
"wireframes/P08 Staff Web Back Office.dc.html","P08 Staff Web Back Office","bo-022",bare,""
"wireframes/P08 Staff Web Back Office.dc.html","P08 Staff Web Back Office","bo-023",bare,""
"wireframes/P08 Staff Web Back Office.dc.html","P08 Staff Web Back Office","bo-024",bare,""
"wireframes/P08 Staff Web Back Office.dc.html","P08 Staff Web Back Office","bo-025",bare,""
"wireframes/P08 Staff Web Back Office.dc.html","P08 Staff Web Back Office","bo-026",bare,""
"wireframes/P08 Staff Web Back Office.dc.html","P08 Staff Web Back Office","bo-027",bare,""
"wireframes/P08 Staff Web Back Office.dc.html","P08 Staff Web Back Office","bo-028",bare,""
"wireframes/P08 Staff Web Back Office.dc.html","P08 Staff Web Back Office","bo-030",bare,""
"wireframes/P08 Staff Web Back Office.dc.html","P08 Staff Web Back Office","bo-031",bare,""
"wireframes/P08 Staff Web Back Office.dc.html","P08 Staff Web Back Office","bo-032",bare,""
"wireframes/P08 Staff Web Back Office.dc.html","P08 Staff Web Back Office","bo-033",bare,""
"wireframes/P08 Staff Web Back Office.dc.html","P08 Staff Web Back Office","bo-034",bare,""
"wireframes/P08 Staff Web Back Office.dc.html","P08 Staff Web Back Office","bo-035",bare,""
"wireframes/P08 Staff Web Back Office.dc.html","P08 Staff Web Back Office","bo-036",bare,""
"wireframes/P08 Staff Web Back Office.dc.html","P08 Staff Web Back Office","bo-037",bare,""
"wireframes/P08 Staff Web Back Office.dc.html","P08 Staff Web Back Office","bo-038",bare,""
"wireframes/P08 Staff Web Back Office.dc.html","P08 Staff Web Back Office","bo-039",bare,""
"wireframes/P08 Staff Web Back Office.dc.html","P08 Staff Web Back Office","bo-040",bare,""
"wireframes/P08 Staff Web Back Office.dc.html","P08 Staff Web Back Office","bo-041",bare,""
"wireframes/P08 Staff Web Back Office.dc.html","P08 Staff Web Back Office","bo-042",bare,""
"wireframes/P08 Staff Web Back Office.dc.html","P08 Staff Web Back Office","bo-043",bare,""
"wireframes/P08 Staff Web Back Office.dc.html","P08 Staff Web Back Office","bo-044",bare,""
"wireframes/P08 Staff Web Back Office.dc.html","P08 Staff Web Back Office","bo-045",bare,""
"wireframes/P08 Staff Web Back Office.dc.html","P08 Staff Web Back Office","bo-046",bare,""
"wireframes/P08 Staff Web Back Office.dc.html","P08 Staff Web Back Office","bo-047",bare,""
"wireframes/P08 Staff Web Back Office.dc.html","P08 Staff Web Back Office","bo-048",bare,""
"wireframes/P08 Staff Web Back Office.dc.html","P08 Staff Web Back Office","bo-049",bare,""
"wireframes/P08 Staff Web Back Office.dc.html","P08 Staff Web Back Office","bo-050",bare,""
"wireframes/P08 Staff Web Back Office.dc.html","P08 Staff Web Back Office","bo-051",bare,""
"wireframes/P08 Staff Web Back Office.dc.html","P08 Staff Web Back Office","bo-052",bare,""
"wireframes/P08 Staff Web Back Office.dc.html","P08 Staff Web Back Office","bo-053",bare,""
"wireframes/P08 Staff Web Back Office.dc.html","P08 Staff Web Back Office","bo-054",bare,""
"wireframes/P08 Staff Web Back Office.dc.html","P08 Staff Web Back Office","bo-055",bare,""
"wireframes/P08 Staff Web Back Office.dc.html","P08 Staff Web Back Office","bo-056",bare,""
"wireframes/P08 Staff Web Back Office.dc.html","P08 Staff Web Back Office","bo-057",bare,""
"wireframes/P08 Staff Web Back Office.dc.html","P08 Staff Web Back Office","bo-029",bare,""
"wireframes/P08 Staff Web Back Office.dc.html","P08 Staff Web Back Office","bo-058",bare,""
"wireframes/P08 Staff Web Back Office.dc.html","P08 Staff Web Back Office","bo-059",bare,""
"wireframes/P08 Staff Web Back Office.dc.html","P08 Staff Web Back Office","bo-060",bare,""
"wireframes/P08 Staff Web Back Office.dc.html","P08 Staff Web Back Office","bo-061",bare,""
"wireframes/P08 Staff Web Back Office.dc.html","P08 Staff Web Back Office","bo-006",bare,""
"wireframes/P08 Staff Web Back Office.dc.html","P08 Staff Web Back Office","bo-062",bare,""
"wireframes/P08 Staff Web Back Office.dc.html","P08 Staff Web Back Office","bo-063",bare,""
"wireframes/P08 Staff Web Back Office.dc.html","P08 Staff Web Back Office","bo-064",bare,""
"wireframes/P08 Staff Web Back Office.dc.html","P08 Staff Web Back Office","bo-065",bare,""
"wireframes/P08 Staff Web Back Office.dc.html","P08 Staff Web Back Office","bo-066",bare,""
"wireframes/P08 Staff Web Back Office.dc.html","P08 Staff Web Back Office","bo-067",bare,""
"wireframes/P08 Staff Web Back Office.dc.html","P08 Staff Web Back Office","bo-068",bare,""
"wireframes/P08 Staff Web Back Office.dc.html","P08 Staff Web Back Office","bo-069",bare,""
"wireframes/P08 Staff Web Back Office.dc.html","P08 Staff Web Back Office","bo-070",bare,""
"wireframes/P08 Staff Web Back Office.dc.html","P08 Staff Web Back Office","bo-071",bare,""
"wireframes/P08 Staff Web Back Office.dc.html","P08 Staff Web Back Office","bo-072",bare,""
"wireframes/P08 Staff Web Back Office.dc.html","P08 Staff Web Back Office","bo-073",bare,""
"wireframes/P08 Venue Management.dc.html","P08 Venue Management","bo-007",named,"Product Directory"
"wireframes/P08 Venue Management.dc.html","P08 Venue Management","bo-009",named,"Pricing Rules"
"wireframes/P08 Venue Management.dc.html","P08 Venue Management","bo-010",named,"Promotions & Coupons"
"wireframes/P08 Venue Management.dc.html","P08 Venue Management","bo-011",named,"Packages & Bundles"
"wireframes/P08 Venue Management.dc.html","P08 Venue Management","bo-013",named,"Channel & Distribution"
"wireframes/P08 Venue Management.dc.html","P08 Venue Management","bo-014",named,"Catalogue Publishing"
"wireframes/P08 Venue Management.dc.html","P08 Venue Management","bo-037",named,"Offline Package Status"
"wireframes/P08 Venue Management.dc.html","P08 Venue Management","bo-111",named,"Ingredient Substitution, Allergen & Nutrition"
"wireframes/P08 Venue Management.dc.html","P08 Venue Management","bo-112",named,"Production Planning & Production Sheets"
"wireframes/P08 Venue Management.dc.html","P08 Venue Management","bo-113",named,"Central Kitchen & Commissary Management"
"wireframes/P08 Venue Management.dc.html","P08 Venue Management","bo-114",named,"Variants, Attributes, Barcode & RFID Management"
"wireframes/P08 Venue Management.dc.html","P08 Venue Management","bo-115",named,"Category, Brand & Merchandise Hierarchy"
"wireframes/P08 Venue Management.dc.html","P08 Venue Management","bo-116",named,"Merchandising & Product Presentation"
"wireframes/P08 Venue Management.dc.html","P08 Venue Management","bo-117",named,"Product Import, Governance & AI Configuration Assistant"
"wireframes/P08 Venue Management.dc.html","P08 Venue Management","bo-118",named,"Campaign & Audience Management"
"wireframes/P08 Venue Management.dc.html","P08 Venue Management","bo-119",named,"Cross-Sell, Upsell & Recommendation Rules"
"wireframes/P08 Venue Management.dc.html","P08 Venue Management","bo-121",named,"Personalized Offers & Guest Engagement"
"wireframes/P08 Venue Management.dc.html","P08 Venue Management","bo-122",named,"POS Experience Dashboard"
"wireframes/P08 Venue Management.dc.html","P08 Venue Management","bo-124",named,"Layout & Journey Builder"
"wireframes/P08 Venue Management.dc.html","P08 Venue Management","bo-125",named,"Product & Category Button Configuration"
"wireframes/P08 Venue Management.dc.html","P08 Venue Management","bo-126",named,"Deployment, Preview & Audit"
"wireframes/P08 Venue Management.dc.html","P08 Venue Management","bo-008",named,"Product Detail & Variants"
"wireframes/P08 Venue Management.dc.html","P08 Venue Management","bo-024",named,"Payment Exceptions"
"wireframes/P08 Venue Management.dc.html","P08 Venue Management","bo-021",named,"Order Search"
"wireframes/P08 Venue Management.dc.html","P08 Venue Management","bo-045",named,"Menu Management"
"wireframes/P08 Venue Management.dc.html","P08 Venue Management","bo-136",named,"F&B Global Settings & Controls"
"wireframes/P08 Venue Management.dc.html","P08 Venue Management","bo-036",named,"Device Registry"
"wireframes/P08 Venue Management.dc.html","P08 Venue Management","bo-044",named,"F&B Outlets"
"wireframes/P08 Venue Management.dc.html","P08 Venue Management","bo-058",named,"Reporting Home"
"wireframes/P08 Venue Management.dc.html","P08 Venue Management","bo-128",named,"Live Workstation Health Monitor"
"wireframes/P08 Venue Management.dc.html","P08 Venue Management","bo-129",named,"Software, Configuration & Version Management"
"wireframes/P08 Venue Management.dc.html","P08 Venue Management","bo-130",named,"Offline Policy & Rules Configuration"
"wireframes/P08 Venue Management.dc.html","P08 Venue Management","bo-133",named,"Offline Alerts, Limits & Audit"
"wireframes/P08 Venue Management.dc.html","P08 Venue Management","bo-049",named,"Stock Levels"
"wireframes/P08 Venue Management.dc.html","P08 Venue Management","bo-052",named,"Goods Receipt"
"wireframes/P08 Venue Management.dc.html","P08 Venue Management","bo-078",named,"Requisitions"
"wireframes/P08 Venue Management.dc.html","P08 Venue Management","bo-079",named,"Stock Count"
"wireframes/P08 Venue Management.dc.html","P08 Venue Management","bo-080",named,"Stock Transfers"
"wireframes/P08 Venue Management.dc.html","P08 Venue Management","bo-081",named,"Inventory Items"
"wireframes/P08 Venue Management.dc.html","P08 Venue Management","bo-082",named,"Stock Movements"
"wireframes/P08 Venue Management.dc.html","P08 Venue Management","bo-083",named,"Suppliers"
"wireframes/P08 Venue Management.dc.html","P08 Venue Management","bo-137",named,"Recipe Consumption & Theoretical Inventory"
"wireframes/P08 Venue Management.dc.html","P08 Venue Management","bo-068",named,"Audit Log"
"wireframes/P09 Admin Web.dc.html","P09 Admin Web","adm-001",bare,""
"wireframes/P09 Admin Web.dc.html","P09 Admin Web","adm-002",bare,""
"wireframes/P09 Admin Web.dc.html","P09 Admin Web","adm-003",bare,""
"wireframes/P09 Admin Web.dc.html","P09 Admin Web","adm-004",bare,""
"wireframes/P09 Admin Web.dc.html","P09 Admin Web","adm-005",bare,""
"wireframes/P09 Admin Web.dc.html","P09 Admin Web","adm-006",bare,""
"wireframes/P09 Admin Web.dc.html","P09 Admin Web","adm-007",bare,""
"wireframes/P09 Admin Web.dc.html","P09 Admin Web","adm-012",bare,""
"wireframes/P09 Admin Web.dc.html","P09 Admin Web","adm-013",bare,""
"wireframes/P09 Admin Web.dc.html","P09 Admin Web","adm-008",bare,""
"wireframes/P09 Admin Web.dc.html","P09 Admin Web","adm-009",bare,""
"wireframes/P09 Admin Web.dc.html","P09 Admin Web","adm-010",bare,""
"wireframes/P09 Admin Web.dc.html","P09 Admin Web","adm-011",bare,""
"wireframes/P09 Admin Web.dc.html","P09 Admin Web","adm-016",bare,""
"wireframes/P09 Admin Web.dc.html","P09 Admin Web","adm-017",bare,""
"wireframes/P09 Admin Web.dc.html","P09 Admin Web","adm-018",bare,""
"wireframes/P09 Admin Web.dc.html","P09 Admin Web","adm-020",bare,""
"wireframes/P09 Admin Web.dc.html","P09 Admin Web","adm-021",bare,""
"wireframes/P09 Admin Web.dc.html","P09 Admin Web","adm-019",bare,""
"wireframes/P09 Admin Web.dc.html","P09 Admin Web","adm-022",bare,""
"wireframes/P09 Admin Web.dc.html","P09 Admin Web","adm-023",bare,""
"wireframes/P09 Admin Web.dc.html","P09 Admin Web","adm-024",bare,""
"wireframes/P09 Admin Web.dc.html","P09 Admin Web","adm-025",bare,""
"wireframes/P09 Admin Web.dc.html","P09 Admin Web","adm-026",bare,""
"wireframes/P09 Admin Web.dc.html","P09 Admin Web","adm-027",bare,""
"wireframes/P09 Admin Web.dc.html","P09 Admin Web","adm-028",bare,""
"wireframes/P09 Admin Web.dc.html","P09 Admin Web","adm-029",bare,""
"wireframes/P09 Admin Web.dc.html","P09 Admin Web","adm-014",bare,""
"wireframes/P09 Admin Web.dc.html","P09 Admin Web","adm-015",bare,""
"wireframes/P09 Admin Web.dc.html","P09 Admin Web","adm-030",bare,""
"wireframes/P09 Admin Web.dc.html","P09 Admin Web","adm-033",bare,""
"wireframes/P09 Admin Web.dc.html","P09 Admin Web","adm-034",bare,""
"wireframes/P09 Admin Web.dc.html","P09 Admin Web","adm-031",bare,""
"wireframes/P09 Admin Web.dc.html","P09 Admin Web","adm-032",bare,""
"wireframes/P09 Admin Web.dc.html","P09 Admin Web","adm-035",bare,""
"wireframes/P09 Admin Web.dc.html","P09 Admin Web","adm-036",bare,""
"wireframes/P11 Accreditation.dc.html","P11 Accreditation","acc-001",bare,""
"wireframes/P11 Accreditation.dc.html","P11 Accreditation","acc-002",bare,""
"wireframes/P11 Accreditation.dc.html","P11 Accreditation","acc-003",bare,""
"wireframes/P11 Accreditation.dc.html","P11 Accreditation","acc-004",bare,""
"wireframes/P11 Accreditation.dc.html","P11 Accreditation","acc-005",bare,""
"wireframes/P11 Accreditation.dc.html","P11 Accreditation","acc-006",bare,""
"wireframes/P11 Accreditation.dc.html","P11 Accreditation","acc-007",bare,""
"wireframes/P11 Accreditation.dc.html","P11 Accreditation","acc-008",bare,""
"wireframes/P12 Support Console.dc.html","P12 Support Console","sup-001",bare,""
"wireframes/P12 Support Console.dc.html","P12 Support Console","sup-002",bare,""
"wireframes/P12 Support Console.dc.html","P12 Support Console","sup-003",bare,""
"wireframes/P12 Support Console.dc.html","P12 Support Console","sup-004",bare,""
"wireframes/P12 Support Console.dc.html","P12 Support Console","sup-005",bare,""
"wireframes/P12 Support Console.dc.html","P12 Support Console","sup-006",bare,""
"wireframes/P12 Support Console.dc.html","P12 Support Console","sup-007",bare,""
"wireframes/P12 Support Console.dc.html","P12 Support Console","sup-008",bare,""
"wireframes/P13 White-Label CMS.dc.html","P13 White-Label CMS","cms-001",bare,""
"wireframes/P13 White-Label CMS.dc.html","P13 White-Label CMS","cms-002",bare,""
"wireframes/P13 White-Label CMS.dc.html","P13 White-Label CMS","cms-003",bare,""
"wireframes/P13 White-Label CMS.dc.html","P13 White-Label CMS","cms-004",bare,""
"wireframes/P13 White-Label CMS.dc.html","P13 White-Label CMS","cms-005",bare,""
"wireframes/P13 White-Label CMS.dc.html","P13 White-Label CMS","cms-006",bare,""
"wireframes/P13 White-Label CMS.dc.html","P13 White-Label CMS","cms-007",bare,""
"wireframes/P13 White-Label CMS.dc.html","P13 White-Label CMS","cms-008",bare,""
"wireframes/P13 White-Label CMS.dc.html","P13 White-Label CMS","cms-009",bare,""
"wireframes/P13 White-Label CMS.dc.html","P13 White-Label CMS","cms-010",bare,""
"wireframes/P13 White-Label CMS.dc.html","P13 White-Label CMS","cms-013",bare,""
"wireframes/P13 White-Label CMS.dc.html","P13 White-Label CMS","cms-011",bare,""
"wireframes/P13 White-Label CMS.dc.html","P13 White-Label CMS","cms-012",bare,""
"wireframes/P13 White-Label CMS.dc.html","P13 White-Label CMS","cms-014",bare,""
"wireframes/P13 White-Label CMS.dc.html","P13 White-Label CMS","cms-015",bare,""
"wireframes/P13 White-Label CMS.dc.html","P13 White-Label CMS","cms-016",bare,""
"wireframes/P13 White-Label CMS.dc.html","P13 White-Label CMS","cms-017",bare,""
"wireframes/P13 White-Label CMS.dc.html","P13 White-Label CMS","cms-018",bare,""
"wireframes/P13 White-Label CMS.dc.html","P13 White-Label CMS","cms-019",bare,""
"wireframes/P13 White-Label CMS.dc.html","P13 White-Label CMS","cms-020",bare,""
"wireframes/POS Board 1.dc.html","POS Board 1","bo-036",bare,""
"wireframes/POS Board 1.dc.html","POS Board 1","pos-1b",bare,""
"wireframes/POS Board 1.dc.html","POS Board 1","pos-1c",bare,""
"wireframes/POS Board 1.dc.html","POS Board 1","bo-124",bare,""
"wireframes/POS Board 1.dc.html","POS Board 1","bo-125",bare,""
"wireframes/POS Board 1.dc.html","POS Board 1","bo-126",bare,""
"wireframes/POS Board 3.dc.html","POS Board 3","pos-009",bare,""
"wireframes/POS Board 3.dc.html","POS Board 3","pos-018",bare,""
"wireframes/POS Board 3.dc.html","POS Board 3","pos-019",bare,""
"wireframes/POS Board 3.dc.html","POS Board 3","pos-3d",bare,""
"wireframes/POS Board 3.dc.html","POS Board 3","pos-020",bare,""
"wireframes/POS Board 3.dc.html","POS Board 3","pos-3f",bare,""
"wireframes/POS Board 4.dc.html","POS Board 4","bo-115",bare,""
"wireframes/POS Board 4.dc.html","POS Board 4","bo-116",bare,""
"wireframes/POS Board 4.dc.html","POS Board 4","bo-117",bare,""
"wireframes/POS Board 4.dc.html","POS Board 4","bo-118",bare,""
"wireframes/POS Board 4.dc.html","POS Board 4","bo-010",bare,""
"wireframes/POS Board 4.dc.html","POS Board 4","pos-4f",bare,""
"wireframes/POS Board 5.dc.html","POS Board 5","bo-037",bare,""
"wireframes/POS Board 5.dc.html","POS Board 5","bo-128",bare,""
"wireframes/POS Board 5.dc.html","POS Board 5","pos-5c",bare,""
"wireframes/POS Board 5.dc.html","POS Board 5","bo-129",bare,""
"wireframes/POS Board 5.dc.html","POS Board 5","bo-130",bare,""
"wireframes/POS Board 5.dc.html","POS Board 5","bo-133",bare,""
"wireframes/POS Board 6.dc.html","POS Board 6","pos-6a",bare,""
"wireframes/POS Board 6.dc.html","POS Board 6","pos-6b",bare,""
"wireframes/POS Board 6.dc.html","POS Board 6","pos-6c",bare,""
"wireframes/POS Board 6.dc.html","POS Board 6","pos-6d",bare,""
"wireframes/POS Board 6.dc.html","POS Board 6","pos-6e",bare,""
"wireframes/POS Board 6.dc.html","POS Board 6","pos-6f",bare,""
"wireframes/POS Frontline Board 2.dc.html","POS Frontline Board 2","pos-016",bare,""
"wireframes/POS Frontline Board 2.dc.html","POS Frontline Board 2","pos-012",bare,""
"wireframes/POS Frontline Board 2.dc.html","POS Frontline Board 2","pos-017",bare,""
"wireframes/POS Frontline Board 2.dc.html","POS Frontline Board 2","pos-2e",bare,""
"wireframes/Retail Board 1.dc.html","Retail Board 1","bo-044",bare,""
"wireframes/Retail Board 1.dc.html","Retail Board 1","ret-1c",bare,""
"wireframes/Retail Board 1.dc.html","Retail Board 1","ret-1d",bare,""
"wireframes/Retail Board 1.dc.html","Retail Board 1","ret-1e",bare,""
"wireframes/Retail Board 1.dc.html","Retail Board 1","ret-1f",bare,""
"wireframes/Retail Board 1.dc.html","Retail Board 1","ret-1g",bare,""
"wireframes/Retail Board 1.dc.html","Retail Board 1","ret-1h",bare,""
"wireframes/Retail Board 1.dc.html","Retail Board 1","bo-142",bare,""
"wireframes/Retail Board 1.dc.html","Retail Board 1","bo-143",bare,""
"wireframes/Retail Board 2.dc.html","Retail Board 2","bo-007",bare,""
"wireframes/Retail Board 2.dc.html","Retail Board 2","ret-2b",bare,""
"wireframes/Retail Board 2.dc.html","Retail Board 2","bo-008",bare,""
"wireframes/Retail Board 2.dc.html","Retail Board 2","bo-113",bare,""
"wireframes/Retail Board 2.dc.html","Retail Board 2","bo-112",bare,""
"wireframes/Retail Board 2.dc.html","Retail Board 2","bo-009",bare,""
"wireframes/Retail Board 2.dc.html","Retail Board 2","bo-083",bare,""
"wireframes/Retail Board 2.dc.html","Retail Board 2","bo-014",bare,""
"wireframes/Retail Board 2.dc.html","Retail Board 2","ret-2j",bare,""
"wireframes/Retail Board 2.dc.html","Retail Board 2","ret-2k",bare,""
"wireframes/Retail Board 2.dc.html","Retail Board 2","ret-2l",bare,""
"wireframes/Retail Board 3.dc.html","Retail Board 3","bo-021",bare,""
"wireframes/Retail Board 3.dc.html","Retail Board 3","pos-002",bare,""
"wireframes/Retail Board 3.dc.html","Retail Board 3","ret-3c",bare,""
"wireframes/Retail Board 3.dc.html","Retail Board 3","ret-3d",bare,""
"wireframes/Retail Board 3.dc.html","Retail Board 3","pos-005",bare,""
"wireframes/Retail Board 3.dc.html","Retail Board 3","pos-006",bare,""
"wireframes/Retail Board 3.dc.html","Retail Board 3","ret-3g",bare,""
"wireframes/Retail Board 3.dc.html","Retail Board 3","ret-3h",bare,""
"wireframes/Retail Board 3.dc.html","Retail Board 3","ret-3j",bare,""
"wireframes/Retail Board 3.dc.html","Retail Board 3","bo-024",bare,""
"wireframes/Retail Board 4.dc.html","Retail Board 4","bo-049",bare,""
"wireframes/Retail Board 4.dc.html","Retail Board 4","bo-081",bare,""
"wireframes/Retail Board 4.dc.html","Retail Board 4","bo-078",bare,""
"wireframes/Retail Board 4.dc.html","Retail Board 4","bo-080",bare,""
"wireframes/Retail Board 4.dc.html","Retail Board 4","bo-052",bare,""
"wireframes/Retail Board 4.dc.html","Retail Board 4","bo-079",bare,""
"wireframes/Retail Board 4.dc.html","Retail Board 4","bo-082",bare,""
"wireframes/Retail Board 4.dc.html","Retail Board 4","emp-068",bare,""
"wireframes/Retail Board 4.dc.html","Retail Board 4","bo-114",bare,""
"wireframes/Retail Board 4.dc.html","Retail Board 4","ret-4k",bare,""
"wireframes/Retail Board 5.dc.html","Retail Board 5","ret-5a",bare,""
"wireframes/Retail Board 5.dc.html","Retail Board 5","ret-5b",bare,""
"wireframes/Retail Board 5.dc.html","Retail Board 5","ret-5c",bare,""
"wireframes/Retail Board 5.dc.html","Retail Board 5","bo-119",bare,""
"wireframes/Retail Board 5.dc.html","Retail Board 5","ret-5e",bare,""
"wireframes/Retail Board 5.dc.html","Retail Board 5","bo-121",bare,""
"wireframes/Retail Board 5.dc.html","Retail Board 5","bo-120",bare,""
"wireframes/Retail Board 5.dc.html","Retail Board 5","bo-011",bare,""
"wireframes/Retail Board 5.dc.html","Retail Board 5","bo-122",bare,""
"wireframes/Retail Board 5.dc.html","Retail Board 5","ret-5k",bare,""
"wireframes/Retail Board 6.dc.html","Retail Board 6","ret-6a",bare,""
"wireframes/Retail Board 6.dc.html","Retail Board 6","ret-6l",bare,""
"wireframes/Retail Board 6.dc.html","Retail Board 6","ret-6b",bare,""
"wireframes/Retail Board 6.dc.html","Retail Board 6","ret-6c",bare,""
"wireframes/Retail Board 6.dc.html","Retail Board 6","anl-006",bare,""
"wireframes/Retail Board 6.dc.html","Retail Board 6","ret-6e",bare,""
"wireframes/Retail Board 6.dc.html","Retail Board 6","ret-6f",bare,""
"wireframes/Retail Board 6.dc.html","Retail Board 6","ret-6g",bare,""
"wireframes/Retail Board 6.dc.html","Retail Board 6","bo-058",bare,""
"wireframes/Retail Board 6.dc.html","Retail Board 6","bo-068",bare,""
"wireframes/Retail Board 6.dc.html","Retail Board 6","ret-6k",bare,""
"wireframes/Seat Board 1.dc.html","Seat Board 1","bo-063",bare,""
"wireframes/Seat Board 2.dc.html","Seat Board 2","bo-002",bare,""
"wireframes/Seat Board 2.dc.html","Seat Board 2","bo-092",bare,""
"wireframes/Seat Board 3.dc.html","Seat Board 3","web-007",bare,""
"wireframes/Seat Board 3.dc.html","Seat Board 3","web-039",bare,""
"wireframes/Seat Board 4.dc.html","Seat Board 4","gst-049",bare,""
"wireframes/Seat Board 4.dc.html","Seat Board 4","gst-021",bare,""
"wireframes/Seat Board 4.dc.html","Seat Board 4","emp-030",bare,""
"wireframes/Seat Platform Board 1.dc.html","Seat Platform Board 1","seatp-1a",bare,""
"wireframes/Seat Platform Board 1.dc.html","Seat Platform Board 1","seatp-1b",bare,""
"wireframes/Seat Platform Board 1.dc.html","Seat Platform Board 1","seatp-1c",bare,""
"wireframes/Seat Platform Board 1.dc.html","Seat Platform Board 1","seatp-1d",bare,""
"wireframes/Seat Platform Board 1.dc.html","Seat Platform Board 1","seatp-1e",bare,""
"wireframes/Seat Platform Board 1.dc.html","Seat Platform Board 1","seatp-1f",bare,""
"wireframes/Seat Platform Board 1.dc.html","Seat Platform Board 1","seatp-1g",bare,""
"wireframes/Seat Platform Board 1.dc.html","Seat Platform Board 1","seatp-1h",bare,""
"wireframes/Seat Platform Board 1.dc.html","Seat Platform Board 1","seatp-1i",bare,""
"wireframes/Seat Platform Board 1.dc.html","Seat Platform Board 1","seatp-1j",bare,""
"wireframes/Seat Platform Board 10.dc.html","Seat Platform Board 10","seatp-10a",bare,""
"wireframes/Seat Platform Board 10.dc.html","Seat Platform Board 10","seatp-10b",bare,""
"wireframes/Seat Platform Board 10.dc.html","Seat Platform Board 10","seatp-10c",bare,""
"wireframes/Seat Platform Board 10.dc.html","Seat Platform Board 10","seatp-10d",bare,""
"wireframes/Seat Platform Board 10.dc.html","Seat Platform Board 10","seatp-10e",bare,""
"wireframes/Seat Platform Board 10.dc.html","Seat Platform Board 10","seatp-10f",bare,""
"wireframes/Seat Platform Board 10.dc.html","Seat Platform Board 10","seatp-10g",bare,""
"wireframes/Seat Platform Board 10.dc.html","Seat Platform Board 10","seatp-10h",bare,""
"wireframes/Seat Platform Board 10.dc.html","Seat Platform Board 10","seatp-10i",bare,""
"wireframes/Seat Platform Board 10.dc.html","Seat Platform Board 10","seatp-10j",bare,""
"wireframes/Seat Platform Board 11.dc.html","Seat Platform Board 11","seatp-11a",bare,""
"wireframes/Seat Platform Board 11.dc.html","Seat Platform Board 11","seatp-11b",bare,""
"wireframes/Seat Platform Board 11.dc.html","Seat Platform Board 11","seatp-11c",bare,""
"wireframes/Seat Platform Board 11.dc.html","Seat Platform Board 11","seatp-11d",bare,""
"wireframes/Seat Platform Board 11.dc.html","Seat Platform Board 11","seatp-11e",bare,""
"wireframes/Seat Platform Board 11.dc.html","Seat Platform Board 11","seatp-11f",bare,""
"wireframes/Seat Platform Board 11.dc.html","Seat Platform Board 11","seatp-11g",bare,""
"wireframes/Seat Platform Board 11.dc.html","Seat Platform Board 11","seatp-11h",bare,""
"wireframes/Seat Platform Board 11.dc.html","Seat Platform Board 11","seatp-11i",bare,""
"wireframes/Seat Platform Board 11.dc.html","Seat Platform Board 11","seatp-11j",bare,""
"wireframes/Seat Platform Board 12.dc.html","Seat Platform Board 12","seatp-12a",bare,""
"wireframes/Seat Platform Board 12.dc.html","Seat Platform Board 12","seatp-12b",bare,""
"wireframes/Seat Platform Board 12.dc.html","Seat Platform Board 12","seatp-12c",bare,""
"wireframes/Seat Platform Board 12.dc.html","Seat Platform Board 12","seatp-12d",bare,""
"wireframes/Seat Platform Board 12.dc.html","Seat Platform Board 12","seatp-12e",bare,""
"wireframes/Seat Platform Board 12.dc.html","Seat Platform Board 12","seatp-12f",bare,""
"wireframes/Seat Platform Board 12.dc.html","Seat Platform Board 12","seatp-12g",bare,""
"wireframes/Seat Platform Board 12.dc.html","Seat Platform Board 12","seatp-12h",bare,""
"wireframes/Seat Platform Board 12.dc.html","Seat Platform Board 12","seatp-12i",bare,""
"wireframes/Seat Platform Board 12.dc.html","Seat Platform Board 12","seatp-12j",bare,""
"wireframes/Seat Platform Board 13.dc.html","Seat Platform Board 13","seatp-13a",bare,""
"wireframes/Seat Platform Board 13.dc.html","Seat Platform Board 13","seatp-13b",bare,""
"wireframes/Seat Platform Board 13.dc.html","Seat Platform Board 13","seatp-13c",bare,""
"wireframes/Seat Platform Board 13.dc.html","Seat Platform Board 13","bo-067",bare,""
"wireframes/Seat Platform Board 13.dc.html","Seat Platform Board 13","seatp-13e",bare,""
"wireframes/Seat Platform Board 13.dc.html","Seat Platform Board 13","seatp-13f",bare,""
"wireframes/Seat Platform Board 13.dc.html","Seat Platform Board 13","seatp-13g",bare,""
"wireframes/Seat Platform Board 13.dc.html","Seat Platform Board 13","seatp-13h",bare,""
"wireframes/Seat Platform Board 13.dc.html","Seat Platform Board 13","seatp-13i",bare,""
"wireframes/Seat Platform Board 13.dc.html","Seat Platform Board 13","seatp-13j",bare,""
"wireframes/Seat Platform Board 2.dc.html","Seat Platform Board 2","seatp-2a",bare,""
"wireframes/Seat Platform Board 2.dc.html","Seat Platform Board 2","seatp-2b",bare,""
"wireframes/Seat Platform Board 2.dc.html","Seat Platform Board 2","seatp-2c",bare,""
"wireframes/Seat Platform Board 2.dc.html","Seat Platform Board 2","seatp-2d",bare,""
"wireframes/Seat Platform Board 2.dc.html","Seat Platform Board 2","seatp-2e",bare,""
"wireframes/Seat Platform Board 2.dc.html","Seat Platform Board 2","seatp-2f",bare,""
"wireframes/Seat Platform Board 2.dc.html","Seat Platform Board 2","seatp-2g",bare,""
"wireframes/Seat Platform Board 2.dc.html","Seat Platform Board 2","seatp-2h",bare,""
"wireframes/Seat Platform Board 2.dc.html","Seat Platform Board 2","seatp-2i",bare,""
"wireframes/Seat Platform Board 2.dc.html","Seat Platform Board 2","seatp-2j",bare,""
"wireframes/Seat Platform Board 3.dc.html","Seat Platform Board 3","seatp-3a",bare,""
"wireframes/Seat Platform Board 3.dc.html","Seat Platform Board 3","seatp-3b",bare,""
"wireframes/Seat Platform Board 3.dc.html","Seat Platform Board 3","seatp-3c",bare,""
"wireframes/Seat Platform Board 3.dc.html","Seat Platform Board 3","seatp-3d",bare,""
"wireframes/Seat Platform Board 3.dc.html","Seat Platform Board 3","seatp-3e",bare,""
"wireframes/Seat Platform Board 3.dc.html","Seat Platform Board 3","seatp-3f",bare,""
"wireframes/Seat Platform Board 3.dc.html","Seat Platform Board 3","seatp-3g",bare,""
"wireframes/Seat Platform Board 3.dc.html","Seat Platform Board 3","seatp-3h",bare,""
"wireframes/Seat Platform Board 3.dc.html","Seat Platform Board 3","seatp-3i",bare,""
"wireframes/Seat Platform Board 3.dc.html","Seat Platform Board 3","seatp-3j",bare,""
"wireframes/Seat Platform Board 4.dc.html","Seat Platform Board 4","seatp-4a",bare,""
"wireframes/Seat Platform Board 4.dc.html","Seat Platform Board 4","seatp-4b",bare,""
"wireframes/Seat Platform Board 4.dc.html","Seat Platform Board 4","seatp-4c",bare,""
"wireframes/Seat Platform Board 4.dc.html","Seat Platform Board 4","seatp-4d",bare,""
"wireframes/Seat Platform Board 4.dc.html","Seat Platform Board 4","seatp-4e",bare,""
"wireframes/Seat Platform Board 4.dc.html","Seat Platform Board 4","seatp-4f",bare,""
"wireframes/Seat Platform Board 4.dc.html","Seat Platform Board 4","seatp-4g",bare,""
"wireframes/Seat Platform Board 4.dc.html","Seat Platform Board 4","seatp-4h",bare,""
"wireframes/Seat Platform Board 4.dc.html","Seat Platform Board 4","seatp-4i",bare,""
"wireframes/Seat Platform Board 4.dc.html","Seat Platform Board 4","seatp-4j",bare,""
"wireframes/Seat Platform Board 5.dc.html","Seat Platform Board 5","seatp-5a",bare,""
"wireframes/Seat Platform Board 5.dc.html","Seat Platform Board 5","seatp-5b",bare,""
"wireframes/Seat Platform Board 5.dc.html","Seat Platform Board 5","seatp-5c",bare,""
"wireframes/Seat Platform Board 5.dc.html","Seat Platform Board 5","seatp-5d",bare,""
"wireframes/Seat Platform Board 5.dc.html","Seat Platform Board 5","seatp-5e",bare,""
"wireframes/Seat Platform Board 5.dc.html","Seat Platform Board 5","seatp-5f",bare,""
"wireframes/Seat Platform Board 5.dc.html","Seat Platform Board 5","seatp-5g",bare,""
"wireframes/Seat Platform Board 5.dc.html","Seat Platform Board 5","seatp-5h",bare,""
"wireframes/Seat Platform Board 5.dc.html","Seat Platform Board 5","seatp-5i",bare,""
"wireframes/Seat Platform Board 5.dc.html","Seat Platform Board 5","seatp-5j",bare,""
"wireframes/Seat Platform Board 6.dc.html","Seat Platform Board 6","seatp-6a",bare,""
"wireframes/Seat Platform Board 6.dc.html","Seat Platform Board 6","seatp-6b",bare,""
"wireframes/Seat Platform Board 6.dc.html","Seat Platform Board 6","seatp-6c",bare,""
"wireframes/Seat Platform Board 6.dc.html","Seat Platform Board 6","seatp-6d",bare,""
"wireframes/Seat Platform Board 6.dc.html","Seat Platform Board 6","seatp-6e",bare,""
"wireframes/Seat Platform Board 6.dc.html","Seat Platform Board 6","seatp-6f",bare,""
"wireframes/Seat Platform Board 6.dc.html","Seat Platform Board 6","seatp-6g",bare,""
"wireframes/Seat Platform Board 6.dc.html","Seat Platform Board 6","seatp-6h",bare,""
"wireframes/Seat Platform Board 6.dc.html","Seat Platform Board 6","seatp-6i",bare,""
"wireframes/Seat Platform Board 6.dc.html","Seat Platform Board 6","seatp-6j",bare,""
"wireframes/Seat Platform Board 7.dc.html","Seat Platform Board 7","seatp-7a",bare,""
"wireframes/Seat Platform Board 7.dc.html","Seat Platform Board 7","seatp-7b",bare,""
"wireframes/Seat Platform Board 7.dc.html","Seat Platform Board 7","seatp-7c",bare,""
"wireframes/Seat Platform Board 7.dc.html","Seat Platform Board 7","seatp-7d",bare,""
"wireframes/Seat Platform Board 7.dc.html","Seat Platform Board 7","bo-026",bare,""
"wireframes/Seat Platform Board 7.dc.html","Seat Platform Board 7","seatp-7f",bare,""
"wireframes/Seat Platform Board 7.dc.html","Seat Platform Board 7","seatp-7g",bare,""
"wireframes/Seat Platform Board 7.dc.html","Seat Platform Board 7","seatp-7h",bare,""
"wireframes/Seat Platform Board 7.dc.html","Seat Platform Board 7","seatp-7i",bare,""
"wireframes/Seat Platform Board 7.dc.html","Seat Platform Board 7","seatp-7j",bare,""
"wireframes/Seat Platform Board 8.dc.html","Seat Platform Board 8","seatp-8a",bare,""
"wireframes/Seat Platform Board 8.dc.html","Seat Platform Board 8","seatp-8b",bare,""
"wireframes/Seat Platform Board 8.dc.html","Seat Platform Board 8","seatp-8c",bare,""
"wireframes/Seat Platform Board 8.dc.html","Seat Platform Board 8","seatp-8d",bare,""
"wireframes/Seat Platform Board 8.dc.html","Seat Platform Board 8","seatp-8e",bare,""
"wireframes/Seat Platform Board 8.dc.html","Seat Platform Board 8","seatp-8f",bare,""
"wireframes/Seat Platform Board 8.dc.html","Seat Platform Board 8","seatp-8g",bare,""
"wireframes/Seat Platform Board 8.dc.html","Seat Platform Board 8","seatp-8h",bare,""
"wireframes/Seat Platform Board 8.dc.html","Seat Platform Board 8","seatp-8i",bare,""
"wireframes/Seat Platform Board 8.dc.html","Seat Platform Board 8","seatp-8j",bare,""
"wireframes/Seat Platform Board 9.dc.html","Seat Platform Board 9","seatp-9a",bare,""
"wireframes/Seat Platform Board 9.dc.html","Seat Platform Board 9","seatp-9b",bare,""
"wireframes/Seat Platform Board 9.dc.html","Seat Platform Board 9","seatp-9c",bare,""
"wireframes/Seat Platform Board 9.dc.html","Seat Platform Board 9","seatp-9d",bare,""
"wireframes/Seat Platform Board 9.dc.html","Seat Platform Board 9","seatp-9e",bare,""
"wireframes/Seat Platform Board 9.dc.html","Seat Platform Board 9","seatp-9f",bare,""
"wireframes/Seat Platform Board 9.dc.html","Seat Platform Board 9","seatp-9g",bare,""
"wireframes/Seat Platform Board 9.dc.html","Seat Platform Board 9","seatp-9h",bare,""
"wireframes/Seat Platform Board 9.dc.html","Seat Platform Board 9","seatp-9i",bare,""
"wireframes/Seat Platform Board 9.dc.html","Seat Platform Board 9","seatp-9j",bare,""
"wireframes/TICVAI Boards v2.dc.html","TICVAI Boards","pos-001",bare,""
"wireframes/TICVAI Boards v2.dc.html","TICVAI Boards","pos-007",bare,""
"wireframes/TICVAI Boards v2.dc.html","TICVAI Boards","ret-1a",bare,""
"wireframes/TICVAI Boards v2.dc.html","TICVAI Boards","fnb-1a",bare,""
"wireframes/TICVAI Boards v2.dc.html","TICVAI Boards","inv-1a",bare,""
"wireframes/TICVAI Boards v2.dc.html","TICVAI Boards","inv-6",bare,""
