key	verdict	kind	category	issue	evidence
APP-POS-POS-003	guess	merged-replaced	contradiction	The screen spec does not say whether POS-003 is a page or a step of the POS-002 drawer: it has its own route and component, but its notes and gaps say the page was replaced by step two of the drawer.	screen-POS-003.json: implementation.route "/sell/sell-timed-entry", component "SellTimedEntryForm.tsx" vs notes "**Drawn as a step of the POS-002 drawer, not a page** (... CHG-SPO-015)" and gaps "This screen is the full-page navigation the 3 August workshop replaced. Date and session selection is now step two of the drawer on `POS-002`."
APP-POS-POS-004	NO	merged-replaced	contradiction	The ticket plans POS-004 as a standalone screen in Sprint 1, but the screen spec says it was replaced by the POS-002 drawer and nobody has decided whether it survives.	screen-POS-004.json gaps[0]: "This screen is the full-page navigation the 3 August workshop replaced. Seat selection is now step three of the drawer on `POS-002`... Whether this survives as a screen of its own is a decision nobody has made"; wireframe.candidate.differences: "Still inside the POS-002 drawer, not a full-screen map"; README: "Sprint: Sprint 1"
APP-SETUP-ADM-037	guess	rest-scope	unclear-acceptance	The ticket says it builds only 3 of the screen's 14 operations but never names them, yet 'Done when' requires the screen to call 'only its bound operations', so the scope can't be tested.	README.md title: "ADM-037 AI Provider & Credentials (setup: 3 of its 14 operations)"; Done when: "it calls only its bound operations"; 'What this touches (15)' lists 14 operations, with no marker for the 3 in scope.
APP-SETUP-ADM-506-REST	NO	rest-scope	had-to-guess	The main data table and the detail panel have no operation and no binding. Their 'columns' are a mix of driver names and sample values, so I would have to invent what the table actually shows and which operation fills it.	screen-ADM-506.json dataTable "Every forecast drivers confidence": bindsTo null, operation null, columns include "Missing Weather", "Confidence by Horizon", "92% / High", "84% / High", "71% / Medium", "58% / Lower"; same for detailPanel
APP-SETUP-BO-001	guess	rest-scope	contradiction	The title says this ticket covers only 2 of the screen's 13 operations, but it never says which 2, and the body lists all 13 as in scope.	README.md title: "BO-001 Queue Directory (setup: 2 of its 13 operations)" vs "What this touches (14)", which lists screen BO-001 plus all 13 queue#… operations, and Done when: "it calls only its bound operations"
APP-SETUP-BO-010	guess	rest-scope	unclear-acceptance	The ticket says it covers 6 of the screen's 26 operations but never says which 6, so the scope and the 'calls only its bound operations' check can't be tested.	README.md title: "BO-010 Promotions & Coupons (setup: 6 of its 26 operations)"; but "What this touches (27)" lists the screen plus all 26 operations with no subset marked; Done when: "it calls only its bound operations (block-test-strategy)"
APP-SETUP-BO-015	guess	rest-scope	unclear-acceptance	The title says the ticket covers 4 of the screen's 11 operations, but it lists 11 operations and never says which 4 are in scope, so 'calls only its bound operations' cannot be tested.	README.md title: "BO-015 Performance Calendar (setup: 4 of its 11 operations)"; "What this touches (12)" lists 11 operations; Done when: "it calls only its bound operations"
APP-SETUP-BO-075	guess	rest-scope	contradiction	The title says the ticket covers 2 of the screen's 8 operations, but it lists all 8 and does not say which 2 are in scope. The acceptance check 'calls only its bound operations' therefore has no defined set to test against.	README.md title: "BO-075 Account Mapping (setup: 2 of its 8 operations)" vs "What this touches (9)" listing all 8 finance operations; screen-BO-075.json apis lists all 8
APP-SETUP-BO-344-REST	guess	rest-scope	contradiction	The ticket says it covers only 3 of the screen's 5 operations, but every list it links to has all 5 and nothing says which 3, so the scope is undefined.	README.md title: "(the rest of the screen: 3 of its 5 operations)" vs "What this touches (6)", which lists listMediaDesign, listTicketTemplates, cloneTicketTemplate, importTicketTemplate and archiveMediaTemplate; screen-BO-344.json "apis" also lists all 5
APP-SETUP-BO-772	NO	rest-scope	unclear-acceptance	The ticket says it covers 2 of the screen's 6 operations but never says which 2, and it links all 6, so 'calls only its bound operations' can't be tested.	README.md title: "(setup: 2 of its 6 operations)"; 'What this touches (7)' lists all six operations; Done when: "it calls only its bound operations (block-test-strategy)"
APP-SETUP-BO-772-REST	NO	rest-scope	contradiction	The ticket says it covers 4 of the screen's 6 operations, but it links all 6 and never says which 4 are in scope or which ticket covers the other 2.	README.md title: "(the rest of the screen: 4 of its 6 operations)" vs "What this touches (7)", which lists all six operations; ticket.json touches also lists all six
APP-SETUP-BO-857-REST	NO	rest-scope	contradiction	The title says the ticket covers 3 of the screen's 7 operations, but it links all 7 and never says which 3. Scope and the 'calls only its bound operations' check cannot be settled.	README.md title: "the rest of the screen: 3 of its 7 operations"; 'What this touches (8)' lists all 7 operations; screen-BO-857.json apis lists all 7 with no split
APP-WEB-WEB-027	NO	unconfirmed-stub	contradiction	The two operations behind the screen's main purpose are marked as unconfirmed proposals that must not be built against, yet the ticket is planned in Sprint 2 to build against them.	operation-marketing-crm_getMarketingSubscription.json and operation-marketing-crm_setMarketingSubscription.json descriptions: "**Drafted 4 September as a stub.** ... **The shape below is a proposal**: ... the request and response want confirming before anything is built against them." vs README "Sprint: Sprint 2"
DB-READ-VIEWS	guess	other	missing-link	The ticket builds ADR-0055 and ADR-0016, but neither ADR is linked or included, so the view design rules (naming, schema, grants, column exposure) are unknown.	README.md: "Builds: `adr ADR-0055`, `adr ADR-0016`" and "## What this touches (0) — Nothing is linked to this ticket yet."; ticket.json "touches": []
DB-ROLES	guess	other	missing-link	Nothing is linked to the ticket. None of the sources the grants depend on are in the pull: ADR-0055, ADR-0020, ADR-0058, handoff/service-decomposition.json, DB-READ-VIEWS and MIG-BASELINE.	README.md: "## What this touches (0) — Nothing is linked to this ticket yet"; ticket.json "touches": []
KERNEL-TENANT-LIMITS	guess	other	missing-link	Nothing is linked to the ticket, so ADR-0032 and ADR-0064 (the ADRs it builds), the Plan.requestLimits schema and the shared 429/RateLimit contract are all missing, and the spec is only a one-paragraph summary.	README.md: "## What this touches (0) — Nothing is linked to this ticket yet."; ticket.json: "touches": [] while "builds": ["adr ADR-0032", "adr ADR-0064"]
MIG-FOREIGN-KEYS	NO	other	missing-link	The 35 foreign keys aren't defined anywhere in the pull: no table, column, referenced table, constraint name or ON DELETE/ON UPDATE rule. The source file 900-foreign-keys.sql isn't linked or included.	README.md: "## What this touches (0) Nothing is linked to this ticket yet."; ticket.json "touches": []; description: "From 900-foreign-keys.sql."
OBS-TENANT-POOL	guess	other	missing-link	Nothing is linked to the ticket. ADR-0032 and ADR-0064, which it builds on, are not in the pull, so I can't read item 4 or check the thresholds, metric names or monitoring stack.	README.md 'What this touches (0)': "Nothing is linked to this ticket yet."; ticket.json "touches": []; Builds: `adr ADR-0032`, `adr ADR-0064`
OFFLINE-BUNDLE	NO	other	gap	The ticket says to build a catalogue bundle for tills, but nothing about a catalogue is linked. The only operation is the access offline package for scanners, which has no products or prices.	README.md title: "Signed catalogue and entitlement bundles"; "The signed bundle a till or scanner trades from offline". OfflinePackage properties: etag, generatedAt, validFrom, validTo, accessPointId, entitlementsVersion, policySetVersion, dynamicPolicies, entitlements, delegatedRights, blacklist, admissionRules, accreditationCredentials. None of these is catalogue data.
OFFLINE-BUNDLE	NO	other	unclear-acceptance	The only acceptance test is about a till's lease, but no linked file defines a lease, a lease client, a lease expiry, or a till screen that 'says why'. The test can't be run against anything this ticket links to.	README.md: "**Done when:** a till with an expired lease stops selling offline and says why." and "the lease each workstation holds (SD-047)". No linked operation, table or screen mentions a lease. The only linked screen is SCN-014, a P07 Venue Scanner screen, and the consumers of getOfflinePackage include no P04 POS screen ("x-ticvai-consumed-by": P06/P07/P08 only).
OFFLINE-JOURNAL	NO	other	gap	The conflict policies are a core deliverable, but the ticket only says the contracts declare them, and neither the contracts nor SD-047 are included, so the policies can't be implemented.	README.md: "the conflict policies the contracts declare (SD-047)"; "The rest of the spec (contract, tables, screens) lives in ADAM at the release tag."
OFFLINE-JOURNAL	NO	other	missing-link	Nothing is linked to the ticket, so none of the ADRs, contracts, tables or services it builds on came with the pull.	README.md: "## What this touches (0) — Nothing is linked to this ticket yet."; ticket.json: "touches": []
OFFLINE-JOURNAL	NO	other	missing-link	The ticket says it builds ADR-0013 and ADR-0022, but neither ADR is included, so the journal format, replay rules and offline design decisions are unknown.	README.md / ticket.json: "Builds: `adr ADR-0013`, `adr ADR-0022`"
PLATFORM-FLAGS	NO	other	missing-link	The ticket has nothing linked to it: no contract, table, screen, service or journey, so there is no spec to build from.	README.md: "## What this touches (0) — Nothing is linked to this ticket yet."; ticket.json: "touches": [], "builds": []
PLATFORM-FLAGS	NO	rest-scope	unclear-acceptance	The acceptance criterion says "a screen" and "its operations" but never says which screens, which operations or which flags, so it cannot be tested.	README.md: "**Done when:** a flag switched off for one tenant hides a screen and refuses its operations for that tenant only."
PLATFORM-KERNEL	NO	data-model	missing-link	The control-plane routing table (SD-021) has no schema, table link or migration, so the hostname-to-tenant lookup cannot be written against a known structure.	README.md: "Resolve the tenant from the hostname (control-plane routing table, SD-021)"; ticket.json "touches": []
PLATFORM-KERNEL	NO	other	missing-link	The setting names that row-level security reads (SD-059) and the policies themselves are not provided, so a developer would have to guess the names, and the isolation test depends on them matching.	README.md: "open every transaction with the tenant and scope settings the row-level policies read (SD-059)"; README points to `920-row-level-security.sql`, but no table, migration or policy file is attached
PLATFORM-KERNEL	NO	other	missing-link	The ticket says it builds three ADRs, but none of them is linked or included, so the design decisions the kernel must follow are not available.	README.md: "Builds: `adr ADR-0038`, `adr ADR-0039`, `adr ADR-0005`" vs "## What this touches (0) — Nothing is linked to this ticket yet"; ticket.json "touches": []
PLATFORM-MIGRATE	guess	other	missing-link	The ticket links nothing, so the ADR it builds (ADR-0039) is not in the pull and the fan-out design (runner, ordering, concurrency, failure policy) is unknown.	README.md: "## What this touches (0) — Nothing is linked to this ticket yet."; ticket.json: "touches": [] while "builds": ["adr ADR-0039"]
PLATFORM-OBSERVE	guess	other	missing-link	Nothing is linked to the ticket: no services, contracts, tables or journeys. I cannot tell which services make up the 'sale path' and 'sync', or where the tenant, venue and workstation context comes from.	README.md 'What this touches (0)': "Nothing is linked to this ticket yet."; ticket.json "touches": [], "builds": []
PLATFORM-PAYMENTS	guess	other	gap	Nothing says how an unauthenticated, tenant-scoped webhook finds the tenant and the payments.provider_connection whose secret should verify the signature: the path carries only the provider, and the body can't be parsed before verification.	operation: path "/payment-providers/{provider}/webhooks", "security": [], "scopeLevel": "tenant"; description: "The body is verified against the connection's webhook secret … before anything is parsed". The only parameter is the provider enum (stripe|networkInternational); there is no connection or tenant id.
PLATFORM-PAYMENTS	guess	other	unclear-acceptance	The ticket can't be accepted in Sprint 1: the 'Done when' test needs the provider's test mode, and the contract says the adapters can't even be built until the client sends credentials.	README Done when: "an approved, a declined and a 3-D Secure payment each end in the right order state from the webhook alone… Acceptance of the declined, unknown and reconcile paths waits on the client's payment sandbox credentials"; operation x-ticvai-make-or-break: "The operation is specified; its adapters cannot be built or tested until the client supplies them." Ticket header: "Sprint: Sprint 
PLATFORM-RLS	NO	other	missing-link	Nothing is linked to the ticket, so no tables, migrations, existing policy DDL or services came with the pull, and I can't see which policies need rewriting.	README.md: "## What this touches (0) — Nothing is linked to this ticket yet."; ticket.json: "touches": []
PLATFORM-RLS	NO	other	missing-link	The two ADRs this ticket builds, and SD-016, are only named. Their text isn't in the pull, so the design rule I'm supposed to implement isn't here.	README.md: "Builds: `adr ADR-0005`, `adr ADR-0044`. Scope predicates read session settings instead of joining per row (SD-016)."
PLATFORM-SAGA-PAID	NO	other	missing-link	Most of the saga in the description has no linked artifact: no ticket/entitlement table, no hold or capacity table, no order.paid event contract and no entitlement-owner service. Only the two ledger tables are linked.	README.md What: "order.paid consumed by the entitlement owner, tickets issued, ... and holds converted with capacity decremented (SD-026, SD-023)." vs "What this touches (2)": only table ledger.journal_entry and table ledger.journal_line; ticket.json touches lists the same two tables
PLATFORM-SAGA-PAID	NO	other	missing-link	The ticket says it builds ADR-0055 and ADR-0058 and cites SD-026 and SD-023, but none of them is linked or included, so the saga design they set out cannot be read.	README.md Builds: "`adr ADR-0055`, `adr ADR-0058`"; What: "(SD-026, SD-023)"; ticket.json builds includes "adr ADR-0055", "adr ADR-0058" but touches has only the two tables
SETUP-AUTH	NO	permission	contradiction	The ticket says it touches no package artefact, yet its scope is contract operations, tables and permissions, so it does depend on the package.	README.md 'What this touches (0)': "This is a setup ticket: it is about tooling and environments, not a package artefact, so nothing needs linking" vs Description: "the identity sign-in operations, `ICurrentPrincipal` and `ITenantContext` filled from the session ... gets their effective permissions"; ticket.json "builds": [], "touches": []
SETUP-AUTH	NO	permission	missing-link	The IdentityService contract is neither linked nor named, so the sign-in operations, their request and response shapes, and the effective-permissions operation are unknown.	README.md: "the identity sign-in operations" (none named); "The rest of the spec (contract, tables, screens) lives in ADAM at the release tag" but no contract file is included
SVC-FNB-GUESTORDERING-5	NO	merged-replaced	contradiction	Sprint 1 plans a build of an operation that the contract marks deprecated and replaced by claimLocationSession, which leaves no consumer for it, so whether this ticket should exist at all is the owner's call.	operation-fnb_claimTableSession.json: "deprecated": true; description: "**Superseded by `claimLocationSession`, 26 September.** ... it is the one `CreateGuestOrderRequest.locationSessionId`, flow F11 and flow F48 use. A `TableSession` id has nowhere to go on a guest order. Kept ... for callers already built on it; new screens claim with `claimLocationSession`." vs README: "Sprint: Sprint 1", "Writ
SVC-MARKETING-MARKETING-2	guess	unconfirmed-stub	unclear-acceptance	The contract says getMarketingSubscription's shape is an unconfirmed proposal and must not be built against yet, but the ticket asks for it to pass contract tests against that shape.	operation-marketing-crm_getMarketingSubscription.json description: "**The shape below is a proposal**: the fields are the minimum the screen has to show, and the request and response want confirming before anything is built against them." README Done when: "`marketing-crm#getMarketingSubscription` ... pass their contract tests against the contract in ADAM"
SVC-MARKETING-MARKETING-6	guess	unconfirmed-stub	contradiction	The ticket says to build setMarketingSubscription, but its contract says the shape is an unconfirmed stub and nothing should be built against it yet.	operation-marketing-crm_setMarketingSubscription.json description: "Drafted 4 September as a stub... The shape below is a proposal... the request and response want confirming before anything is built against them." README: Sprint 2, Done when "setMarketingSubscription ... pass their contract tests against the contract"
SVC-PLATFORM-CELL-4	guess	merged-replaced	contradiction	listTenantCells has to filter cells by tenant, but the Cell contract says tenant_id was retired from control.cell and replaced by a CellTenant mapping, and that mapping is not in the lineage or the linked tables.	operation-subscription_listTenantCells.json: Cell "x-ticvai-retired-columns": ["tenant_id"]; deploymentRef: "ADR-0038 answered it per tenant, which drops `Cell.tenantId`, adds `CellTenant`..."; lineage "reads": ["control.cell"]; path "/tenants/{tenantId}/cells"
SVC-TENANCY-APPROVALS-4	guess	unconfirmed-stub	unclear-acceptance	Both badge operations are labelled unconfirmed proposals that must not be built against yet, but the ticket is planned in Sprint 2 to build them and pass contract tests against them.	operation-approvals_issueAccreditationBadge.json and operation-approvals_listAccreditationBadges.json description: "**Drafted 4 September as a stub.** ... **The shape below is a proposal**: ... the request and response want confirming before anything is built against them." README: "Sprint: Sprint 2"; Done when: "pass their contract tests against the contract in ADAM"
TEST-AM-FOUNDATION-DATABASE	guess	other	unclear-acceptance	The acceptance text is generic screen and API test wording, and none of it applies to a database-migrations module, so no migration-specific criterion can be tested (apply cleanly, idempotency, rollback, constraints, RLS).	README.md What: "every screen state its YAML lists, every navigation link, every permission (an allowed and a refused user), every operation's error responses, and for an offline app its offline behaviour with the network cut"; Done when: "it passes for `access.access_incident` … and 468 more with no open severity 1 or 2 defect"
TEST-AM-FOUNDATION-OFFLINE	guess	other	gap	The offline path from till to Kitchen Display has to be tested with the network cut, but the contract says the mechanism is an undecided ADR, so there is nothing to test against.	operation-fnb_createFnbOrder.json x-ticvai-note: "Offline, the ticket still has to reach the kitchen: the till sends it to the KDS over the venue LAN ... That LAN route (venue edge or a till acting as hub) is an open ADR"; README What: "for an offline app its offline behaviour with the network cut"
TEST-AM-FOUNDATION-PLATFORM	guess	other	gap	The Done-when requires the webhook operation to pass, but its contract says it cannot be built or tested until the client supplies the provider sandbox credentials and signing secrets.	operation-payments_receivePaymentProviderWebhook.json x-ticvai-make-or-break: "Stripe and Network International sandbox credentials and webhook signing secrets (client accounts, CLIENT-PAY-SANDBOX). The operation is specified; its adapters cannot be built or tested until the client supplies them." vs README Done when: "it passes for `payments#receivePaymentProviderWebhook`..."
TEST-AM-FOUNDATION-SETUP	NO	other	missing-link	Nothing is linked to the ticket, so there are no screens, contract operations or tables to test, and the scope the ticket defines cannot be listed.	README.md: "## What this touches (0) — Nothing is linked to this ticket yet. Find what it is about with adam_search, record it with adam_link, then run adam_pull again."; ticket.json: "touches": [] against "What:" "every screen state its YAML lists, every navigation link, every permission ..., every operation's error responses"
TEST-AM-IDENTITY-SECURITY-P12-BLOCK-A	guess	other	contradiction	The ticket says it targets release r1, but the bundle was built from uncommitted local changes that include breaking changes against r1 made on 2 October; at the r1 tag a browser door like SUP-001 could not sign in at all, so it is unclear which baseline the test should run against.	README: "Written at release `r1`" / "The rest of the spec ... lives in ADAM at the release tag" vs "Built ... from the package at D:\Chinmay\adam\ticvai (857986c1d8f2, uncommitted changes), not pulled from ADAM"; LoginRequest: "It was required on every login, so no browser could sign in ... (CHG-DOOR-001, 2 October 2026)"; Session.saleBoardId: "breaking change against r1 approved as BC-001 to BC-0
TEST-AM-RESOURCES-CAPACITY-P01	guess	other	wrong-link	The ticket is a Guest Web test of WEB-047, but the four operations it builds and must pass are staff-only back-office (P08) operations that WEB-047 never calls.	README 'Done when: it passes for WEB-047, resources#getResourceQualifications, resources#listResources, resources#reorderPerformanceManifest, resources#setResourceQualifications'. Each of those operation files says "audience": ["staff"] and "platforms": ["P08 Venue Management"]. Their x-ticvai-consumed-by lists only BO-xxx screens (e.g. listResources: BO-095, BO-854, BO-877…; reorderPerformanceMan
VM-BO-057	NO	unconfirmed-stub	gap	The contract for listTrainingRecords is an unconfirmed stub, and the contract itself says not to build against it yet, so half of this screen has no stable contract.	operation-workforce_listTrainingRecords.json description: "**Drafted 4 September as a stub.** ... **The shape below is a proposal**: the fields are the minimum the screen has to show, and the request and response want confirming before anything is built against them."
VM-BO-110	guess	merged-replaced	stale-text	The ticket is planned in Sprint 2 to build screen BO-110, but the screen spec says BO-110 was merged into BO-111 and nothing on it is built separately.	ticket.json: "sprint": "Sprint 2", "builds": ["screen BO-110"]; screen-BO-110.json notes: "**Merged into BO-111** (decided 2 October 2026 ... CHG-SBO-021) ... this id stays for traceability and routes to BO-111, and nothing on it is built separately."
VM-BO-669	NO	merged-replaced	contradiction	The ticket is planned in Sprint 2 to build screen BO-669, but the screen spec says the screen was merged into BO-666 and must not be built separately.	ticket.json: "sprint": 2, "builds": ["screen BO-669"]; screen-BO-669.json notes: "**Merged into BO-666** (decided 2 October 2026 ... CHG-WIR-001) ... this id stays for traceability and routes to BO-666, and nothing on it is built separately."
