table,state,columns,parent,inbound,schema,contract,referenced_by,declared_reason
access.access_change,unreferenced,9,,0,AccessAccessChange,spine/access.yaml,,
access.entry_rule_point,unreferenced,5,,0,AccessEntryRulePoint,spine/access.yaml,,
control.burst_environment,unreferenced,19,,0,BurstEnvironment,satellite/subscription.yaml,,
control.cell_instance,childOfWiredParent,7,control.cell,1,CellInstance,satellite/subscription.yaml,control.cell_tenant,
control.cell_tenant,childOfWiredParent,9,control.cell,0,CellTenant,satellite/subscription.yaml,,
control.invoice_line,childOfWiredParent,8,control.invoice,0,,,,
control.migration_plan_cell,childOfWiredParent,10,control.migration_plan,0,,,,
control.migration_run_cell,childOfWiredParent,14,control.migration_run,0,,,,
control.migration_run_tenant,childOfWiredParent,13,control.migration_run,0,,,,
control.release_component,childOfWiredParent,5,control.release,0,,,,
fnb.delivery_location_outlet,childOfWiredParent,3,fnb.delivery_location,0,,,,
fnb.ingredient_substitute,referenced,10,,1,FnbIngredientSubstitute,satellite/fnb.yaml,fnb.substitution_rule,
fnb.menu_item_modifier,childOfWiredParent,5,inventory.item,0,FnbMenuItemModifier,satellite/fnb.yaml,,
fnb.product_recommendation,unreferenced,17,,0,FnbProductRecommendation,satellite/fnb.yaml,,
fnb.recipe_ingredient,childOfWiredParent,6,fnb.recipe,0,,,,
fnb.reservation_table,childOfWiredParent,4,retail.reservation,0,FnbReservationTable,satellite/fnb.yaml,,
fnb.sub_bill,unreferenced,11,,0,SubBill,satellite/fnb.yaml,,
games.redemption_line,childOfWiredParent,6,games.redemption,0,,,,
identity.authz_audit,storageOnly,3,,0,,,,"Written by the platform, read through reporting. No direct API"
identity.refresh_token,storageOnly,10,,0,IdentityRefreshToken,spine/identity.yaml,,"**A bearer credential, like `principal_credential`.** Returning a refresh token hash over any endpoint defeats rotation. Revocation is `forceLogout` and `guestLogout`, which end a session; the tokens behind them are an implementation of that, not a resource"
inventory.count_line,childOfWiredParent,14,inventory.count,0,CountLine,satellite/inventory.yaml,,
inventory.goods_receipt_line,childOfWiredParent,10,inventory.goods_receipt,0,,,,
inventory.purchase_order_line,childOfWiredParent,10,inventory.purchase_order,0,,,,
inventory.requisition_line,childOfWiredParent,10,inventory.requisition,0,,,,
inventory.stock_reservation,referenced,10,,1,InventoryStockReservation,satellite/inventory.yaml,rental.agreement_item,
inventory.supplier_contract,childOfWiredParent,12,inventory.supplier,0,InventorySupplierContract,satellite/inventory.yaml,,
inventory.transfer_line,childOfWiredParent,8,inventory.transfer,0,,,,
ledger.journal_line,childOfWiredParent,8,ledger.journal_entry,0,,,,
maintenance.inspection_template_item,childOfWiredParent,11,maintenance.inspection_template,0,,,,
marketing.campaign_target,childOfWiredParent,7,marketing.campaign,0,MarketingCampaignTarget,satellite/marketing-crm.yaml,,
marketing.guest_extra_field,unreferenced,9,,0,MarketingGuestExtraField,satellite/marketing-crm.yaml,,
marketing.guest_extra_option,unreferenced,5,,0,MarketingGuestExtraOption,satellite/marketing-crm.yaml,,
marketing.guest_extra_value,unreferenced,6,,0,MarketingGuestExtraValue,satellite/marketing-crm.yaml,,
marketing.journey_step,childOfWiredParent,14,marketing.journey,0,MarketingJourneyStep,satellite/marketing-crm.yaml,,
marketing.points_earning_rule,childOfWiredParent,6,marketing.loyalty_programme,1,,,marketing.loyalty_rule,
marketing.review_response,childOfWiredParent,7,marketing.review,0,MarketingReviewResponse,satellite/marketing-crm.yaml,,
marketing.sla_policy,unreferenced,12,,0,MarketingSlaPolicy,satellite/marketing-crm.yaml,,
marketing.waiver_signature,unreferenced,15,,0,MarketingWaiverSignature,satellite/marketing-crm.yaml,,
orders.deposit,unreferenced,14,,0,OrdersDeposit,spine/orders.yaml,,
orders.discount,unreferenced,9,,0,OrdersDiscount,spine/orders.yaml,,
orders.order_fee,unreferenced,11,,0,OrdersOrderFee,spine/orders.yaml,,
orders.payment_tip,childOfWiredParent,2,orders.payment,0,,,,
orders.upgrade,referenced,15,,1,OrdersUpgrade,spine/orders.yaml,access.access_change,
payments.currency_rule,unreferenced,12,,0,PaymentsCurrencyRule,satellite/payments.yaml,,
payments.deposit_activity,unreferenced,9,,0,PaymentsDepositActivity,satellite/payments.yaml,,
payments.eligibility_rule,unreferenced,14,,0,PaymentsEligibilityRule,satellite/payments.yaml,,
payments.fee_rule,unreferenced,16,,0,PaymentsFeeRule,satellite/payments.yaml,,
payments.method_config,childOfWiredParent,11,payments.method,0,PaymentsMethodConfig,satellite/payments.yaml,,
platform.cell_endpoint,unreferenced,11,,0,PlatformCellEndpoint,spine/tenancy.yaml,,
platform.sale_board_page,storageOnly,4,platform.sale_board,1,,,platform.sale_board_tile,"Child tables of `sale_board`, which the API returns as one nested object. The split is a storage decision"
platform.sale_board_tile,storageOnly,2,,0,,,,"Child tables of `sale_board`, which the API returns as one nested object. The split is a storage decision"
pricing.dynamic_price_action,unreferenced,6,,0,PricingDynamicPriceAction,spine/catalogue.yaml,,
pricing.dynamic_price_condition,unreferenced,7,,0,PricingDynamicPriceCondition,spine/catalogue.yaml,,
pricing.dynamic_price_rule,unreferenced,11,,0,PricingDynamicPriceRule,spine/catalogue.yaml,,
rental.agreement,referenced,13,,3,RentalAgreement,satellite/rental.yaml,orders.deposit rental.agreement_item subscription.partner_quote,
rental.agreement_item,childOfUnwiredParent,19,rental.agreement,1,RentalAgreementItem,satellite/rental.yaml,rental.inspection_item,
rental.inspection_item,childOfWiredParent,9,rental.inspection,0,RentalInspectionItem,satellite/rental.yaml,,
retail.product_recommendation,unreferenced,17,,0,RetailProductRecommendation,satellite/retail.yaml,,
retail.reservation_line,childOfWiredParent,5,retail.reservation,0,,,,
retail.return_line,childOfWiredParent,9,retail.return,0,,,,
retail.sale_line,childOfWiredParent,13,retail.sale,0,,,,
retail.shop_and_drop_line,childOfWiredParent,8,retail.shop_and_drop,0,,,,
seating.seat_block_item,childOfWiredParent,4,seating.seat,0,SeatingSeatBlockItem,satellite/seating.yaml,,
seating.seat_hold_item,childOfWiredParent,5,seating.seat,0,SeatingSeatHoldItem,satellite/seating.yaml,,
seating.section_row,childOfWiredParent,5,seating.section,0,,,,
subscription.tier_allowance,unreferenced,10,,0,SubscriptionTierAllowance,satellite/subscription.yaml,,
subscription.tier_module,unreferenced,8,,0,SubscriptionTierModule,satellite/subscription.yaml,,
sync.cell_connection,unreferenced,9,,0,SyncCellConnection,spine/cross-region.yaml,,
sync.cross_cell_request,unreferenced,13,,0,SyncCrossCellRequest,spine/cross-region.yaml,,
wallet.balance,unreferenced,9,,0,WalletBalance,satellite/wallet.yaml,,
wallet.hold,referenced,12,,2,WalletHold,satellite/wallet.yaml,control.rollout seating.seat_hold_item,
