contract,operationId,path,verb,state,siblingScreens,noScreenReason
access,listAccessChanges,/access-changes,get,needsScreen,,
access,listEntryRulePoints,/admission-rules/{ruleId}/points,get,needsScreen,createAdmissionRules | listAdmissionRules,
ai,listIndexSources,/index-sources,get,needsScreen,,
ai,setIndexSource,/index-sources,put,needsScreen,,
ai,removeIndexEntry,/index-sources/{sourceId}/entries/{entryId},delete,needsScreen,,
catalogue,listDonationCampaigns,/donation-campaigns,get,needsScreen,,
catalogue,createDonationCampaign,/donation-campaigns,post,needsScreen,,
catalogue,updateDonationCampaign,/donation-campaigns/{campaignId},patch,needsScreen,,
catalogue,getPlanBenefits,/entitlement-templates/{templateId}/benefits,get,needsScreen,createEntitlementTemplate | listEntitlementTemplates,
catalogue,freezeEntitlement,/entitlements/{entitlementId}/freeze,post,needsScreen,,
catalogue,reinstateEntitlement,/entitlements/{entitlementId}/reinstate,post,needsScreen,,
catalogue,suspendEntitlement,/entitlements/{entitlementId}/suspend,post,needsScreen,,
catalogue,listMembershipBenefits,/membership-benefits,get,needsScreen,,
catalogue,setMembershipBenefit,/membership-benefits,put,needsScreen,,
catalogue,listMembershipProgrammes,/membership-programmes,get,needsScreen,,
catalogue,setMembershipProgramme,/membership-programmes,put,needsScreen,,
catalogue,listDynamicPriceRules,/pricing/dynamic-rules,get,needsScreen,listPricing,
catalogue,getDynamicPriceRule,/pricing/dynamic-rules/{ruleId},get,needsScreen,listPricing,
catalogue,listWaitlistEntries,/waitlist-entries,get,needsScreen,joinWaitlist | leaveWaitlist,
cross-region,listCellConnections,/cell-connections,get,needsScreen,,
cross-region,listCrossCellRequests,/cross-cell-requests,get,needsScreen,,
cross-region,getWalletAllocation,/wallet-allocations,get,needsScreen,,
cross-region,setWalletAllocationPolicy,/wallet-allocations,put,needsScreen,,
cross-region,authoriseWalletSpend,/wallet-authorisations,post,needsScreen,,
cross-region,captureWalletAuthorisation,/wallet-authorisations/{authorisationId}/capture,post,needsScreen,,
cross-region,relinquishWalletAuthorisation,/wallet-authorisations/{authorisationId}/release,post,needsScreen,,
finance,getForeignTenderReport,/fx/foreign-tender,get,needsScreen,,
finance,listInterEntityObligations,/fx/inter-entity,get,needsScreen,,
finance,calculateTax,/tax/calculate,post,needsScreen,,
finance,recordWriteOff,/write-offs,post,needsScreen,,
fnb,createCombo,/combos,post,needsScreen,,
fnb,setComboSlots,/combos/{comboId}/slots,put,needsScreen,,
fnb,listFnbRecommendations,/product-recommendations,get,needsScreen,,
fnb,listIngredientSubstitutes,/recipes/{recipeId}/substitutes,get,needsScreen,listRecipes | setRecipe,
fnb,resolveBookingConflict,/table-reservations/conflicts,get,needsScreen,createTableReservation | listTableReservations,
identity,evaluateAccess,/access-decisions,post,needsScreen,,
identity,listAccessDecisions,/access-decisions/audit,get,needsScreen,,
identity,createEmergencyAccessOverride,/access-overrides,post,needsScreen,,
identity,getAccessPolicyBundle,/access-policies/bundle,get,needsScreen,createAccessPolicy | listAccessPolicies,
identity,getAccessPolicy,/access-policies/{policyId},get,needsScreen,createAccessPolicy | listAccessPolicies,
identity,listAccessPolicyHistory,/access-policies/{policyId}/history,get,needsScreen,createAccessPolicy | listAccessPolicies,
identity,listAccessPolicyTemplates,/access-policy-templates,get,needsScreen,,
identity,listCustomerMemberships,/customers/{customerId}/memberships,get,needsScreen,,
identity,getMembership,/memberships/{membershipId},get,needsScreen,,
identity,recordBenefitUsage,/memberships/{membershipId}/benefit-usage,post,needsScreen,,
identity,listModules,/modules,get,needsScreen,,
identity,listPermissions,/permissions,get,needsScreen,resolvePermissions,
inventory,listStockReservations,/stock-reservations,get,needsScreen,,
marketing-crm,listBadges,/badges,get,needsScreen,,
marketing-crm,setBadge,/badges,put,needsScreen,,
marketing-crm,getSuppressionList,/consent/suppression-list,get,needsScreen,,
marketing-crm,addSuppression,/consent/suppression-list,post,needsScreen,,
marketing-crm,listCustomerBadges,/customers/{customerId}/badges,get,needsScreen,,
marketing-crm,awardBadge,/customers/{customerId}/badges,post,needsScreen,,
marketing-crm,submitForm,/form-submissions,post,needsScreen,,
marketing-crm,listGuestExtraFields,/guest-extra-fields,get,needsScreen,,
marketing-crm,setGuestExtraFields,/guest-extra-fields,put,needsScreen,,
marketing-crm,getGuestExtraValues,/guests/{guestId}/extra-values,get,needsScreen,addToWishlist | adjustLoyaltyPoints,
marketing-crm,createInvitationCampaign,/invitation-campaigns,post,needsScreen,,
marketing-crm,getLostItemMatches,/lost-items/{itemId}/matches,get,needsScreen,listLostItems | matchLostItem,
marketing-crm,listLoyaltyCampaigns,/loyalty/campaigns,get,needsScreen,createLoyaltyProgramme | getLoyaltyPosition,
marketing-crm,listLoyaltyPointEntries,/loyalty/points,get,needsScreen,createLoyaltyProgramme | getLoyaltyPosition,
marketing-crm,getLoyaltyRules,/loyalty/programmes/{programmeId}/rules,get,needsScreen,createLoyaltyProgramme | getLoyaltyPosition,
marketing-crm,listRewardAssignments,/loyalty/reward-assignments,get,needsScreen,createLoyaltyProgramme | getLoyaltyPosition,
marketing-crm,listRewards,/loyalty/rewards,get,needsScreen,createLoyaltyProgramme | getLoyaltyPosition,
marketing-crm,listSegmentMembers,/segments/{segmentId}/members,get,needsScreen,createSegment | listSegments,
marketing-crm,listSlaPolicies,/sla-policies,get,needsScreen,,
marketing-crm,setSlaPolicy,/sla-policies,put,needsScreen,,
marketing-crm,listWaiverSignatures,/waiver-signatures,get,needsScreen,,
orders,listDeposits,/deposits,get,needsScreen,,
orders,listFraudRules,/fraud-rules,get,needsScreen,,
orders,setFraudRules,/fraud-rules,put,needsScreen,,
orders,openGuestCreditAccount,/guest-credit-accounts,post,needsScreen,,
orders,issueInvitation,/invitations,post,needsScreen,,
orders,listInvitationAllowances,/invitations/allowances,get,needsScreen,,
orders,listMembershipRenewals,/memberships/{membershipId}/renewals,get,needsScreen,,
orders,renewMembership,/memberships/{membershipId}/renewals,post,needsScreen,,
orders,listOrderDiscounts,/order-discounts,get,needsScreen,,
orders,listOrderFees,/orders/{orderId}/fees,get,needsScreen,applyManualDiscount | createOrder,
orders,listPaymentProviders,/payment-providers,get,needsScreen,setPaymentProvider,
orders,printTicketProof,/ticket-templates/{templateId}/proof,post,needsScreen,,
orders,listUpgrades,/upgrades,get,needsScreen,,
payments,listDepositActivity,/deposits/{depositId}/activity,get,needsScreen,,
payments,recordDepositActivity,/deposits/{depositId}/activity,post,needsScreen,,
payments,getPaymentRules,/payments/rules,get,needsScreen,,
payments,setPaymentRules,/payments/rules,put,needsScreen,,
promotions,listAllocationSplits,/allocation-splits,get,needsScreen,,
promotions,previewAllocationSplit,/allocation-splits/preview,post,needsScreen,,
promotions,listBundles,/bundles,get,needsScreen,createBundle | getBundle,
promotions,listVoucherBatches,/voucher-batches,get,needsScreen,,
promotions,createVoucherBatch,/voucher-batches,post,needsScreen,,
promotions,redeemVoucher,/vouchers/{voucherCode}/redeem,post,needsScreen,,
promotions,voidVoucher,/vouchers/{voucherId}/void,post,needsScreen,,
public-api,issueApiToken,/oauth/token,post,needsScreen,,
rental,listRentalAgreements,/agreements,get,needsScreen,,
rental,createRentalAgreement,/agreements,post,needsScreen,,
rental,getRentalAgreement,/agreements/{agreementId},get,needsScreen,,
reporting,listAlertRules,/alert-rules,get,needsScreen,setAlertRule,
retail,cancelMerchandiseReservation,/merchandise-reservations/{reservationId}/cancel,post,needsScreen,,
retail,collectMerchandiseReservation,/merchandise-reservations/{reservationId}/collect,post,needsScreen,,
retail,listRetailRecommendations,/product-recommendations,get,needsScreen,,
retail,createRetailExchange,/retail-exchanges,post,needsScreen,,
retail,listRetailReturns,/retail-returns,get,needsScreen,createRetailReturn,
subscription,settleAiUsage,/ai-usage/settle,post,needsScreen,,
subscription,listBurstEnvironments,/burst-environments,get,needsScreen,,
subscription,requestBurstEnvironment,/burst-environments,post,needsScreen,,
subscription,decommissionBurstEnvironment,/burst-environments/{burstEnvironmentId}/decommission,post,needsScreen,,
subscription,drainBurstEnvironment,/burst-environments/{burstEnvironmentId}/drain,post,needsScreen,,
subscription,reconcileBurstEnvironment,/burst-environments/{burstEnvironmentId}/reconcile,post,needsScreen,,
subscription,listCellClusters,/cell-clusters,get,needsScreen,,
subscription,launchCellCluster,/cell-clusters,post,needsScreen,,
subscription,exportPartnerInvoice,/partners/{partnerId}/invoice-export,post,needsScreen,,
subscription,listPartnerUsers,/partners/{partnerId}/users,get,needsScreen,,
subscription,createPartnerUser,/partners/{partnerId}/users,post,needsScreen,,
subscription,getPlanTiers,/plans/{planId}/tiers,get,needsScreen,createPlan | createPlanVersion,
subscription,cancelSubscription,/subscriptions/{subscriptionId}/cancel,post,needsScreen,,
subscription,listTenantMigrations,/tenant-migrations,get,needsScreen,,
subscription,planTenantMigration,/tenant-migrations,post,needsScreen,,
subscription,executeTenantMigration,/tenant-migrations/{migrationId}/execute,post,needsScreen,,
subscription,rollbackTenantMigration,/tenant-migrations/{migrationId}/rollback,post,needsScreen,,
tenancy,listCellEndpoints,/cells/{cellId}/endpoints,get,needsScreen,,
tenancy,listDeviceFirmware,/device-firmware,get,needsScreen,,
tenancy,startDeviceFirmwareRollout,/device-firmware/rollouts,post,needsScreen,,
tenancy,rollbackDeviceFirmware,/device-firmware/rollouts/{rolloutId}/rollback,post,needsScreen,,
tenancy,listDeviceTamperEvents,/device-tamper-events,get,needsScreen,,
tenancy,recordDeviceTamperEvent,/device-tamper-events,post,needsScreen,,
tenancy,listDeviceAuditRecords,/devices/{deviceId}/audit,get,needsScreen,enrolDevice | getDeviceTelemetry,
wallet,getWalletBalance,/wallets/{walletId}/balance,get,needsScreen,adjustWallet | getWallet,
wallet,listWalletHolds,/wallets/{walletId}/holds,get,needsScreen,adjustWallet | getWallet,
white-label,setFooter,/footer,put,needsScreen,,
white-label,getFeatureToggles,/tenant-config/features,get,needsScreen,createContentPage | createPreview,
white-label,getModuleEnablement,/tenant-config/modules,get,needsScreen,createContentPage | createPreview,
white-label,getNavigation,/tenant-config/navigation,get,needsScreen,createContentPage | createPreview,
workforce,listEmployees,/employees,get,needsScreen,,
workforce,getEmployee,/employees/{employeeId},get,needsScreen,,
workforce,broadcastToGuests,/guest-broadcast,post,needsScreen,,
workforce,listIntegrationSources,/integration-sources,get,needsScreen,,
workforce,setIntegrationSource,/integration-sources,put,needsScreen,,
workforce,getFieldOwnership,/integration-sources/{sourceId}/field-ownership,get,needsScreen,,
workforce,setFieldOwnership,/integration-sources/{sourceId}/field-ownership,put,needsScreen,,
workforce,listJobTitles,/job-titles,get,needsScreen,,
workforce,setJobTitle,/job-titles,put,needsScreen,,
workforce,listLeaveBalances,/leave-balances,get,needsScreen,,
workforce,listLeaveTypes,/leave-types,get,needsScreen,,
workforce,setLeaveType,/leave-types,put,needsScreen,,
workforce,listShiftPatterns,/shift-patterns,get,needsScreen,,
workforce,setShiftPattern,/shift-patterns,put,needsScreen,,
workforce,listSyncConflicts,/sync-conflicts,get,needsScreen,,
workforce,resolveSyncConflict,/sync-conflicts,post,needsScreen,,
workforce,listSyncRuns,/sync-runs,get,needsScreen,,
workforce,listWorkAssignments,/work-assignments,get,needsScreen,,
workforce,setWorkAssignment,/work-assignments,put,needsScreen,,
access,setEntryRulePoints,/admission-rules/{ruleId}/points,put,actionOnExistingScreen,createAdmissionRules | listAdmissionRules,
accreditation,replaceAccreditationCredential,/accreditation-credentials/{credentialId}/replace,post,actionOnExistingScreen,issueAccreditationCredential | listAccreditationCredentials,
ai,setSuggestionProvider,/ai/suggestion-providers,put,actionOnExistingScreen,proposeVenueLabels | recordSuggestionOutcome,
ai,proposeTranslations,/ai/translate,post,actionOnExistingScreen,proposeVenueLabels | recordSuggestionOutcome,
ai,proposeWalkways,/ai/venue-map/{mapId}/propose-walkways,post,actionOnExistingScreen,proposeVenueLabels | recordSuggestionOutcome,
ai,createKnowledgeCollection,/collections,post,actionOnExistingScreen,listKnowledgeCollections,
ai,ingestKnowledgeDocument,/collections/{collectionId}/documents,post,actionOnExistingScreen,listKnowledgeCollections,
ai,generateVenueLayout,/generate/venue-layout,post,actionOnExistingScreen,generateConfiguration,
ai,reindexSource,/index-sources/{sourceId}/reindex,post,scheduledJob,,
catalogue,setPlanBenefits,/entitlement-templates/{templateId}/benefits,put,actionOnExistingScreen,createEntitlementTemplate | listEntitlementTemplates,
catalogue,setDynamicPriceRule,/pricing/dynamic-rules/{ruleId},put,actionOnExistingScreen,listPricing,
catalogue,bulkChangePrices,/products/bulk-price,post,actionOnExistingScreen,createProduct | getProduct,
catalogue,commitCatalogueImport,/products/import/{jobId}/commit,post,actionOnExistingScreen,createProduct | getProduct,
catalogue,assessProductChange,/products/{productId}/change-impact,post,actionOnExistingScreen,createProduct | getProduct,
catalogue,cloneProduct,/products/{productId}/clone,post,actionOnExistingScreen,createProduct | getProduct,
catalogue,restoreProductVersion,/products/{productId}/versions/{version}/restore,post,actionOnExistingScreen,createProduct | getProduct,
catalogue,offerWaitlistCapacity,/waitlist-entries/{entryId}/offer,post,actionOnExistingScreen,joinWaitlist | leaveWaitlist,
cross-region,revokeCrossRegionEntitlement,/cross-region-entitlements/{rightId},delete,machineToMachine,consumeCrossRegionEntitlement | getCrossRegionEntitlement,
cross-region,createDsarRequest,/dsar/requests,post,machineToMachine,,
cross-region,getDsarRequest,/dsar/requests/{requestId},get,machineToMachine,,
cross-region,createGuestLink,/guest-links,post,machineToMachine,,
cross-region,resolveGuestLink,/guest-links/resolve,get,machineToMachine,,
cross-region,getGuestLink,/guest-links/{guestLinkId},get,machineToMachine,,
cross-region,revokeGuestLink,/guest-links/{guestLinkId},delete,machineToMachine,,
finance,setFxProvider,/fx-rates/providers,put,actionOnExistingScreen,ingestFxRates | listFxRates,
finance,runFxRevaluation,/fx/revaluation,post,scheduledJob,,
finance,disputeObligation,/inter-entity-obligations/{obligationId}/dispute,post,actionOnExistingScreen,recordSettlement,
finance,resolveObligationDispute,/inter-entity-obligations/{obligationId}/resolve,post,actionOnExistingScreen,recordSettlement,
fnb,sendOrderNotification,/fnb-orders/{orderId}/notify,post,actionOnExistingScreen,acceptFnbOrder | amendFnbOrder,
fnb,recordCorrectiveAction,/food-safety/corrective-actions/{actionId}/action,post,actionOnExistingScreen,getHaccpStatus | logColdChain,
fnb,closeCorrectiveAction,/food-safety/corrective-actions/{actionId}/close,post,actionOnExistingScreen,getHaccpStatus | logColdChain,
fnb,escalateCorrectiveAction,/food-safety/corrective-actions/{actionId}/escalate,post,actionOnExistingScreen,getHaccpStatus | logColdChain,
fnb,rebalanceStationLoad,/kitchen-stations/rebalance,post,actionOnExistingScreen,chaseStation,
fnb,attachModifierGroup,/menu-items/{menuItemId}/modifier-groups,put,actionOnExistingScreen,setItemAvailability | verifyAllergens,
fnb,createModifierGroup,/modifier-groups,post,actionOnExistingScreen,listModifierGroups,
fnb,setKitchenSla,/outlets/{outletId}/kitchen-sla,put,actionOnExistingScreen,getGuestMenu | getTableMap,
fnb,setSectionLayout,/outlets/{outletId}/sections,put,actionOnExistingScreen,getGuestMenu | getTableMap,
fnb,setIngredientSubstitutes,/recipes/{recipeId}/substitutes,put,actionOnExistingScreen,listRecipes | setRecipe,
fnb,sendBookingConfirmation,/table-reservations/{reservationId}/confirm,post,actionOnExistingScreen,createTableReservation | listTableReservations,
fnb,createTable,/tables,post,actionOnExistingScreen,clearTable,
fnb,updateTable,/tables/{tableId},put,actionOnExistingScreen,clearTable,
identity,updateAccessPolicy,/access-policies/{policyId},put,actionOnExistingScreen,createAccessPolicy | listAccessPolicies,
identity,setAccessPolicyState,/access-policies/{policyId}/state,post,actionOnExistingScreen,createAccessPolicy | listAccessPolicies,
inventory,submitCountLines,/stock-counts/{countId}/lines,post,actionOnExistingScreen,cancelStockCount | getCountVariance,
marketing-crm,recordTouchPoint,/attribution/touches,post,machineToMachine,,
marketing-crm,setCallDisposition,/conversations/{conversationId}/disposition,post,actionOnExistingScreen,claimConversation | closeConversation,
marketing-crm,setGuestExtraValues,/guests/{guestId}/extra-values,put,actionOnExistingScreen,addToWishlist | adjustLoyaltyPoints,
marketing-crm,addGuestNote,/guests/{subjectId}/notes,post,actionOnExistingScreen,addToWishlist | adjustLoyaltyPoints,
marketing-crm,startKioskAssist,/kiosk-assists,post,actionOnExistingScreen,endKioskAssist,
marketing-crm,recordLostItem,/lost-items,post,actionOnExistingScreen,listLostItems | matchLostItem,
marketing-crm,accrueLoyaltyPoints,/loyalty/accruals,post,machineToMachine,createLoyaltyProgramme | getLoyaltyPosition,
marketing-crm,setLoyaltyCampaign,/loyalty/campaigns,put,actionOnExistingScreen,createLoyaltyProgramme | getLoyaltyPosition,
marketing-crm,setLoyaltyRules,/loyalty/programmes/{programmeId}/rules,put,actionOnExistingScreen,createLoyaltyProgramme | getLoyaltyPosition,
marketing-crm,issueReward,/loyalty/reward-assignments,post,actionOnExistingScreen,createLoyaltyProgramme | getLoyaltyPosition,
marketing-crm,setReward,/loyalty/rewards,put,actionOnExistingScreen,createLoyaltyProgramme | getLoyaltyPosition,
orders,convertToTermProduct,/orders/{orderId}/convert-to-term,post,actionOnExistingScreen,applyManualDiscount | createOrder,
orders,createReservation,/reservations,post,actionOnExistingScreen,cancelReservation | getReservation,
orders,convertReservation,/reservations/{reservationId}/convert,post,actionOnExistingScreen,cancelReservation | getReservation,
orders,extendReservation,/reservations/{reservationId}/extend,post,actionOnExistingScreen,cancelReservation | getReservation,
orders,pushWalletPassUpdate,/wallet-passes/{passId}/push,post,actionOnExistingScreen,issueWalletPass,
platform-ops,skipRolloutCell,/rollouts/{rolloutId}/cells/{cellId}/skip,post,actionOnExistingScreen,getRollout | listRollouts,
promotions,updateBundle,/bundles/{bundleId},patch,actionOnExistingScreen,createBundle | getBundle,
promotions,assignCoupon,/coupon-codes/{code}/assign,post,actionOnExistingScreen,getCouponCode | voidCouponCode,
promotions,setPromotionVariants,/promotions/{promotionId}/variants,put,actionOnExistingScreen,analysePromotionConflicts | createPromotion,
promotions,recordRecommendationOutcome,/recommendations/outcomes,post,actionOnExistingScreen,explainRecommendation | getRecommendations,
promotions,createUpsellRule,/upsell-rules,post,actionOnExistingScreen,listUpsellRules,
promotions,deleteUpsellRule,/upsell-rules/{ruleId},delete,actionOnExistingScreen,listUpsellRules,
queue,submitQueueReading,/queue-feeds/readings,post,embeddedClient,configureQueueFeed | getQueueFeedHealth,
queue,getSignageQueueBoard,/signage/queue-board,get,embeddedClient,,
queue,getSignageQueueCalls,/signage/queue-calls,get,embeddedClient,,
queue,overrideWaitingGuest,/waiting-guests/{entryId}/override,post,actionOnExistingScreen,getWaitingGuest | joinQueue,
queue,redeemWaitingGuest,/waiting-guests/{entryId}/redeem,post,actionOnExistingScreen,getWaitingGuest | joinQueue,
rental,importRentalCatalogue,/rental-products/import,post,actionOnExistingScreen,createRentalProduct | getRentalProduct,
reporting,updateReportSchedule,/report-schedules/{scheduleId},patch,actionOnExistingScreen,createReportSchedule | listReportSchedules,
reporting,deleteReportSchedule,/report-schedules/{scheduleId},delete,actionOnExistingScreen,createReportSchedule | listReportSchedules,
retail,createShopAndDrop,/shop-and-drop,post,actionOnExistingScreen,lookupShopAndDrop,
retail,collectShopAndDrop,/shop-and-drop/{dropId}/collect,post,actionOnExistingScreen,lookupShopAndDrop,
retail,disposeShopAndDrop,/shop-and-drop/{dropId}/dispose,post,actionOnExistingScreen,lookupShopAndDrop,
subscription,resolveInvoiceDispute,/invoices/{invoiceId}/resolve-dispute,post,actionOnExistingScreen,cancelInvoice | disputeInvoice,
subscription,registerPartner,/partner-registrations,post,machineToMachine,,
subscription,setPlanTiers,/plans/{planId}/tiers,put,actionOnExistingScreen,createPlan | createPlanVersion,
subscription,recordUsage,/usage-records,post,machineToMachine,,
tenancy,issueDeviceCredential,/devices/{deviceId}/credentials,post,actionOnExistingScreen,enrolDevice | getDeviceTelemetry,
tenancy,revokeDeviceCredential,/devices/{deviceId}/credentials,delete,actionOnExistingScreen,enrolDevice | getDeviceTelemetry,
venue-map,acceptWalkwayProposals,/venue-maps/{mapId}/walkway-proposals,post,actionOnExistingScreen,acceptVenueLabelProposals | createVenueMap,
wallet,adjustGameCard,/game-cards/{cardCode}/adjust,post,actionOnExistingScreen,loadGameCredits,
wallet,blockGiftCard,/gift-cards/{cardCode}/block,post,actionOnExistingScreen,activateGiftCard | getGiftCard,
wallet,closeWallet,/wallets/{walletId}/close,post,actionOnExistingScreen,adjustWallet | getWallet,
wallet,reinstateWallet,/wallets/{walletId}/reinstate,post,actionOnExistingScreen,adjustWallet | getWallet,
wallet,suspendWallet,/wallets/{walletId}/suspend,post,actionOnExistingScreen,adjustWallet | getWallet,
white-label,publishContentBlock,/content-blocks/{blockId}/publish,post,actionOnExistingScreen,createContentBlock,
white-label,createBanner,/tenant-config/banners,post,actionOnExistingScreen,createContentPage | createPreview,
white-label,updateBanner,/tenant-config/banners/{bannerId},patch,actionOnExistingScreen,createContentPage | createPreview,
white-label,deleteBanner,/tenant-config/banners/{bannerId},delete,actionOnExistingScreen,createContentPage | createPreview,
white-label,setFeatureToggles,/tenant-config/features,put,actionOnExistingScreen,createContentPage | createPreview,
white-label,setHeader,/tenant-config/header,put,actionOnExistingScreen,createContentPage | createPreview,
white-label,setModuleEnablement,/tenant-config/modules,put,actionOnExistingScreen,createContentPage | createPreview,
white-label,setNavigation,/tenant-config/navigation,put,actionOnExistingScreen,createContentPage | createPreview,
white-label,updateContentPage,/tenant-config/pages/{pageId},put,actionOnExistingScreen,createContentPage | createPreview,
white-label,deleteContentPage,/tenant-config/pages/{pageId},delete,actionOnExistingScreen,createContentPage | createPreview,
white-label,createPromoBlock,/tenant-config/promo-blocks,post,actionOnExistingScreen,createContentPage | createPreview,
white-label,updatePromoBlock,/tenant-config/promo-blocks/{promoBlockId},patch,actionOnExistingScreen,createContentPage | createPreview,
white-label,deletePromoBlock,/tenant-config/promo-blocks/{promoBlockId},delete,actionOnExistingScreen,createContentPage | createPreview,
white-label,setMaintenanceMode,/tenant-config/status,put,actionOnExistingScreen,createContentPage | createPreview,
workforce,startSync,/sync-runs,post,scheduledJob,,
