column,class,state,detail
fnb.kitchen_exception.duration_minutes,duration,observedNotSet,How long the exception lasted. `duration_minutes` is `elapsed_minutes` wearing a neutral word
fnb.waitlist_entry.quoted_wait_minutes,duration,derivedFromAnother,"The quote given to a guest, computed from the queue's own `cycle_minutes` and party position. `queue.queue` holds the inputs"
orders.chargeback.fee_amount,charge,setByAProvider,"What the acquirer took to process the dispute. The backlog entry behind `Chargeback` reasons about *""a 40 AED case with a 30 AED fee""* as something to concede deliberately — only sensible if the fee arrived rather than being set here"
orders.payment.fx_rate,rate,setByAProvider,"A rate off the feed, snapshotted at the moment of payment. `ledger.fx_rate` owns the feed and `finance` already argues the daily-versus-intraday choice is per purpose. The stem does not pair because the control column is bare `rate`, which is a limit of the matcher, not a gap"
orders.refund.fx_rate,rate,setByAProvider,"A rate off the feed, snapshotted at the moment of payment. `ledger.fx_rate` owns the feed and `finance` already argues the daily-versus-intraday choice is per purpose. The stem does not pair because the control column is bare `rate`, which is a limit of the matcher, not a gap"
rental.settlement.chargeable_late_minutes,duration,derivedFromAnother,"Return time minus expected return minus `grace_period_minutes`, and the grace period is controlled by `rental.fee_policy`"
subscription.module_listing.provisioning_minutes,duration,observedNotSet,How long provisioning took for that listing. The table is a catalogue entry the matcher read as transactional because of the word *listing*
workforce.leave_balance.available_days,duration,derivedFromAnother,"A balance and a pending total, both computed from `entitled_days` and bookings against it. `entitled_days` is the one that needs a control, and it is listed below"
workforce.leave_balance.pending_days,duration,derivedFromAnother,"A balance and a pending total, both computed from `entitled_days` and bookings against it. `entitled_days` is the one that needs a control, and it is listed below"
fnb.cold_chain_event.threshold_celsius,threshold,genuinelyMissing,"The temperature that tripped the event, stored on the event. **A food-safety limit that is not configured cannot be audited**, and it differs by storage type — chilled, frozen, ambient. This one carries regulatory weight beyond the commercial ones"
fnb.sub_bill.service_charge,charge,genuinelyMissing,"`F29` recomputes it per bill on a split, so a rate is applied at least twice over. Nothing says what it is, at what scope a venue sets it, whether it is taxable, or whether it is inside the displayed price. **The one to close first** — it is live in the F&B flow today"
fnb.table_reservation.duration_minutes,duration,genuinelyMissing,"How long the table is held. **A turn time is the single most tuned number in a restaurant** — it differs by service, table size and day — and here it is set per reservation with no default behind it. The control belongs on the table type or the service period"
ledger.inter_entity_obligation.rate_applied,rate,genuinelyMissing,"Inter-entity settlement between legal entities. `rate_applied` is plausibly the snapshot of `settlement_rate`, but nothing configures the latter, and **a transfer-pricing rate nobody configured is a transfer-pricing rate nobody can defend to an auditor**"
ledger.inter_entity_obligation.settlement_rate,rate,genuinelyMissing,"Inter-entity settlement between legal entities. `rate_applied` is plausibly the snapshot of `settlement_rate`, but nothing configures the latter, and **a transfer-pricing rate nobody configured is a transfer-pricing rate nobody can defend to an auditor**"
orders.resale_listing.buyer_fee_percent,charge,genuinelyMissing,"The rate lives on the transaction. Two listings a minute apart can carry different commercials with nothing recording why. The same row carries `price_cap_percent` with the identical problem, and the backlog already closed the resale entry with *""price-cap configuration and a fee definition, both small""*"
orders.resale_listing.seller_fee_percent,charge,genuinelyMissing,"The rate lives on the transaction. Two listings a minute apart can carry different commercials with nothing recording why. The same row carries `price_cap_percent` with the identical problem, and the backlog already closed the resale entry with *""price-cap configuration and a fee definition, both small""*"
rental.settlement.damage_fee,charge,genuinelyMissing,"Probably assessed per incident, but `missing_item_fee` reads like a replacement cost belonging on the rentable item, and `rental.fee_policy` is the obvious home for a default and a ceiling — it already holds `maximum_daily_charge` for that reason. If they stay per-incident, the missing control is an approval threshold rather than a rate"
rental.settlement.missing_item_fee,charge,genuinelyMissing,"Probably assessed per incident, but `missing_item_fee` reads like a replacement cost belonging on the rentable item, and `rental.fee_policy` is the obvious home for a default and a ceiling — it already holds `maximum_daily_charge` for that reason. If they stay per-incident, the missing control is an approval threshold rather than a rate"
resources.venue_assignment.travel_buffer_minutes,duration,genuinelyMissing,"Time allowed between assignments at different venues. Belongs on the venue pair or the resource type, not on each assignment"
workforce.leave_balance.entitled_days,duration,fixedByLaw,"Statutory minimum annual leave, varying by region and tenure, with the employer free to exceed it. Needs an entitlement policy, not a column"
workforce.open_shift.incentive_rate_multiplier,rate,genuinelyMissing,"What a shift pays above base to get it filled. Set per open shift with no rule, so two identical shifts can price differently with nothing recording why"
workforce.rota_assignment.break_minutes,duration,fixedByLaw,"UAE labour law sets minimum rest breaks by shift length, and Oman's differ. **Statute setting it is the reason it needs a row, not the reason it does not** — a multi-region platform cannot hard-code one jurisdiction's number"
workforce.rota_assignment.overtime_minutes,duration,fixedByLaw,Overtime thresholds and multipliers are statutory and regional. `workforce.open_shift.incentive_rate_multiplier` is the commercial twin of the same gap
workforce.shift.break_minutes,duration,fixedByLaw,"UAE labour law sets minimum rest breaks by shift length, and Oman's differ. **Statute setting it is the reason it needs a row, not the reason it does not** — a multi-region platform cannot hard-code one jurisdiction's number"
rental.booking.accrued_late_fee,charge,controlled,rental.fee_policy.late_fee_basis; rental.fee_policy.late_fee_amount
rental.settlement.grace_period_minutes,duration,controlled,rental.fee_policy.grace_period_minutes
rental.settlement.late_fee,charge,controlled,rental.fee_policy.late_fee_basis; rental.fee_policy.late_fee_amount
