from_table,from_column,to_table,edge_kind,how,cross_schema,required
access.access_point,venue_id,platform.scope_node,ambient,convention,yes,yes
access.blacklist,added_by_principal_id,identity.principal,ambient,role,yes,yes
access.scan_event,access_point_id,access.access_point,reference,name,,yes
access.scan_event,device_id,platform.device,reference,name,yes,
access.scan_event,operator_principal_id,identity.principal,ambient,convention,yes,
access.scan_event,overridden_by_principal_id,identity.principal,ambient,role,yes,
access.scan_event,ticket_id,catalogue.entitlement_template,reference,convention,yes,
access.scan_event,venue_id,platform.scope_node,ambient,convention,yes,yes
ai.chunk_ref,document_id,ai.knowledge_document,child,child,,yes
ai.conversation,principal_id,identity.principal,ambient,declared,yes,yes
ai.index_entry,source_id,ai.index_source,child,child,,yes
ai.index_job,source_id,ai.index_source,child,child,,yes
ai.index_source,collection_id,ai.knowledge_collection,reference,declared,,yes
ai.interaction,conversation_id,ai.conversation,reference,declared,,yes
ai.interaction,principal_id,identity.principal,ambient,declared,yes,yes
ai.knowledge_document,collection_id,ai.knowledge_collection,child,child,,yes
ai.message,conversation_id,ai.conversation,child,child,,yes
ai.policy,tenant_id,platform.tenant,ambient,declared,yes,yes
ai.proposed_action,decided_by_principal_id,identity.principal,ambient,declared,yes,yes
ai.proposed_action,interaction_id,ai.interaction,child,child,,yes
ai.provider,region_id,platform.scope_node,ambient,declared,yes,yes
approvals.decision,principal_id,identity.principal,ambient,declared,yes,yes
approvals.decision,request_id,approvals.request,child,child,,yes
approvals.delegation,delegate_principal_id,identity.principal,ambient,declared,yes,yes
approvals.delegation,delegator_principal_id,identity.principal,ambient,declared,yes,yes
approvals.escalation,request_id,approvals.request,child,child,,yes
approvals.request,requested_by_principal_id,identity.principal,ambient,declared,yes,yes
approvals.rule,matrix_id,approvals.matrix,child,child,,yes
assets.media_asset,uploaded_by_principal_id,identity.principal,ambient,role,yes,
assets.media_asset,venue_id,platform.scope_node,ambient,convention,yes,
assets.media_collection,cover_asset_id,assets.media_asset,child,convention,,
assets.media_collection,parent_collection_id,assets.media_collection,child,self-reference,,
assets.media_collection,venue_id,platform.scope_node,ambient,convention,yes,
assets.media_upload,upload_id,assets.media_upload,child,convention,,yes
assets.media_usage,asset_id,assets.media_asset,child,child,,yes
catalogue.alternative_code,product_id,catalogue.product,reference,implied by path,,
catalogue.alternative_code,variant_id,catalogue.variant,reference,convention,,
catalogue.attribute_axis,product_id,catalogue.product,reference,implied by path,,
catalogue.channel_allocation,envelope_id,catalogue.envelope,reference,implied by path,,
catalogue.entitlement_template,admission_profile_id,access.admission_profile,reference,name,yes,
catalogue.envelope,performance_id,catalogue.performance,reference,convention,,yes
catalogue.envelope,seat_category_id,seating.seat_category,reference,name,yes,
catalogue.event,parent_event_id,catalogue.event,child,self-reference,,
catalogue.event,venue_id,platform.scope_node,ambient,convention,yes,yes
catalogue.inventory_lease,envelope_id,catalogue.envelope,reference,name,,yes
catalogue.inventory_lease,force_released_by_principal_id,identity.principal,ambient,role,yes,
catalogue.inventory_lease,holder_workstation_id,platform.workstation,reference,prefix-qualified,yes,yes
catalogue.inventory_lease,parent_lease_id,catalogue.inventory_lease,child,self-reference,,
catalogue.performance,admission_profile_id,access.admission_profile,reference,name,yes,
catalogue.performance,event_id,catalogue.event,reference,name,,yes
catalogue.performance,seat_map_id,seating.seat_map,reference,convention,yes,
catalogue.price,price_list_id,catalogue.price_list,child,name,,yes
catalogue.price,tax_code_id,ledger.tax_code,reference,name,yes,
catalogue.price,variant_id,catalogue.variant,reference,convention,,yes
catalogue.price_list,venue_id,platform.scope_node,ambient,convention,yes,yes
catalogue.product,entitlement_template_id,catalogue.entitlement_template,reference,name,,
catalogue.product,venue_id,platform.scope_node,ambient,convention,yes,yes
catalogue.published_bundle,venue_id,platform.scope_node,ambient,convention,yes,yes
catalogue.variant,product_id,catalogue.product,reference,convention,,yes
control.cell,region_id,platform.scope_node,ambient,convention,yes,yes
control.cell,tenant_id,platform.tenant,ambient,convention,yes,yes
control.cell_cluster,region_id,platform.scope_node,ambient,declared,yes,yes
control.cell_job,cell_id,control.cell,child,convention,,yes
control.environment,cell_id,control.cell,reference,declared,,yes
control.invoice,tenant_id,platform.tenant,ambient,convention,yes,yes
control.invoice_line,invoice_id,control.invoice,child,child,,yes
control.licence_add_on,plan_id,control.plan,child,child,,yes
control.migration,release_id,control.release,reference,declared,,yes
control.migration_plan_cell,cell_id,control.cell,reference,convention,,
control.migration_plan_cell,migration_plan_id,control.migration_plan,child,child,,yes
control.migration_run,canary_cell_id,control.cell,reference,prefix-qualified,,
control.migration_run,plan_id,control.plan,reference,convention,,yes
control.migration_run,started_by_principal_id,identity.principal,ambient,role,yes,
control.release,plan_id,control.plan,reference,declared,,yes
control.rollout,approved_by_principal_id,identity.principal,ambient,role,yes,
control.rollout,release_id,control.release,reference,manual,,yes
control.rollout,started_by_principal_id,identity.principal,ambient,role,yes,
control.rollout_cell,cell_id,control.cell,reference,convention,,yes
control.subscription,plan_id,control.plan,reference,convention,,yes
control.subscription,tenant_id,platform.tenant,ambient,convention,yes,yes
control.support_notice,published_by_principal_id,identity.principal,ambient,role,yes,
control.tenant,account_manager_principal_id,identity.principal,ambient,convention,yes,
control.tenant,plan_id,control.plan,reference,convention,,
control.tenant_migration,plan_id,control.tenant_migration_plan,reference,declared,,yes
control.tenant_migration_plan,tenant_id,control.tenant,reference,declared,,yes
control.upgrade_schedule,tenant_id,platform.tenant,ambient,convention,yes,yes
control.usage_record,venue_id,platform.scope_node,ambient,convention,yes,
fnb.bill_split,visit_id,fnb.table_visit,reference,convention,,yes
fnb.delivery_location,seat_id,seating.seat,reference,convention,yes,
fnb.delivery_location,table_id,fnb.table,reference,convention,,
fnb.delivery_location,venue_id,platform.scope_node,ambient,convention,yes,yes
fnb.delivery_location_outlet,location_id,fnb.delivery_location,child,DDL foreign key,,
fnb.delivery_location_outlet,outlet_id,platform.outlet,reference,DDL foreign key,yes,
fnb.fnb_order,kitchen_ticket_id,fnb.kitchen_ticket,reference,name,,
fnb.fnb_order,outlet_id,platform.outlet,reference,convention,yes,yes
fnb.fnb_order,table_visit_id,fnb.table_visit,reference,name,,
fnb.kitchen_station,outlet_id,platform.outlet,reference,convention,yes,
fnb.kitchen_ticket,order_id,orders.sales_order,reference,convention,yes,yes
fnb.kitchen_ticket,outlet_id,platform.outlet,reference,convention,yes,yes
fnb.kitchen_ticket,prioritised_by_principal_id,identity.principal,ambient,role,yes,
fnb.kitchen_ticket_line,kitchen_ticket_id,fnb.kitchen_ticket,child,child,,yes
fnb.kitchen_ticket_line,station_id,fnb.kitchen_station,reference,convention,,
fnb.location_code,location_id,fnb.delivery_location,reference,DDL foreign key,,
fnb.location_session,location_id,fnb.delivery_location,reference,convention,,yes
fnb.location_session,outlet_id,platform.outlet,reference,convention,yes,
fnb.location_session,subject_id,pii.subject,ambient,convention,yes,
fnb.location_session,venue_id,platform.scope_node,ambient,DDL composite FK,yes,
fnb.location_session,visit_id,fnb.table_visit,reference,convention,,
fnb.menu,outlet_id,platform.outlet,reference,convention,yes,yes
fnb.menu_item,product_variant_id,catalogue.variant,reference,convention,yes,yes
fnb.menu_item,station_id,fnb.kitchen_station,reference,convention,,
fnb.menu_section,menu_id,fnb.menu,child,implied by path,,
fnb.modifier_option,modifier_group_id,fnb.modifier_group,child,child,,yes
fnb.recipe,menu_item_id,fnb.menu_item,reference,convention,,yes
fnb.recipe_ingredient,inventory_item_id,inventory.item,reference,convention,yes,yes
fnb.recipe_ingredient,recipe_id,fnb.recipe,child,child,,yes
fnb.table,outlet_id,platform.outlet,reference,implied by path,yes,
fnb.table_session,outlet_id,platform.outlet,reference,convention,yes,yes
fnb.table_session,subject_id,pii.subject,ambient,convention,yes,
fnb.table_session,table_id,fnb.table,child,convention,,yes
fnb.table_session,visit_id,fnb.table_visit,child,convention,,yes
fnb.table_visit,merged_into_visit_id,fnb.table_visit,child,convention,,
fnb.table_visit,outlet_id,platform.outlet,reference,convention,yes,yes
fnb.table_visit,server_principal_id,identity.principal,ambient,convention,yes,
fnb.table_visit,subject_id,pii.subject,ambient,convention,yes,
fnb.table_visit,table_id,fnb.table,child,convention,,yes
games.card,subject_id,pii.subject,ambient,convention,yes,
games.card,venue_id,platform.scope_node,ambient,convention,yes,yes
games.credit_ledger,card_id,games.card,reference,declared,,yes
games.game,asset_id,maintenance.asset,reference,convention,yes,
games.game,reader_id,platform.device,reference,convention,yes,
games.game,venue_id,platform.scope_node,ambient,convention,yes,yes
games.play,game_id,games.game,reference,convention,,
games.play,play_id,games.play,child,name,,yes
games.prize,merchandise_id,retail.merchandise,reference,convention,yes,
games.prize,venue_id,platform.scope_node,ambient,convention,yes,yes
games.redemption,issued_by_principal_id,identity.principal,ambient,role,yes,
games.redemption,venue_id,platform.scope_node,ambient,convention,yes,
games.redemption_line,prize_id,games.prize,reference,name,,
games.redemption_line,redemption_id,games.redemption,child,child,,yes
identity.authz_audit,actor_principal_id,identity.principal,ambient,DDL foreign key,,
identity.authz_audit,subject_principal_id,identity.principal,ambient,DDL foreign key,,
identity.grant,created_by_principal_id,identity.principal,ambient,role,,
identity.grant,granted_by,identity.principal,ambient,DDL foreign key,,
identity.grant,principal_id,identity.principal,ambient,convention,,
identity.grant,revoked_by,identity.principal,ambient,DDL foreign key,,
identity.grant,role_id,identity.role,reference,convention,,
identity.grant,scope_id,platform.scope_node,ambient,DDL foreign key,yes,
identity.guest_session,subject_id,pii.subject,ambient,declared,yes,yes
identity.mfa_challenge,principal_id,identity.principal,ambient,declared,,yes
identity.mfa_method,principal_id,identity.principal,ambient,DDL foreign key,,
identity.mfa_recovery_code,principal_id,identity.principal,ambient,DDL foreign key,,
identity.otp_challenge,subject_id,pii.subject,ambient,declared,yes,yes
identity.principal,home_scope_id,platform.scope_node,ambient,DDL foreign key,yes,
identity.principal,primary_role_id,identity.role,reference,prefix-qualified,,
identity.principal_credential,principal_id,identity.principal,ambient,DDL foreign key,,
identity.role_permission,role_id,identity.role,child,DDL foreign key,,
identity.session,principal_id,identity.principal,ambient,declared,,yes
identity.sso_group_mapping,provider_id,identity.sso_provider,reference,DDL foreign key,,
identity.sso_group_mapping,role_id,identity.role,reference,convention,,yes
identity.sso_group_mapping,scope_id,platform.scope_node,ambient,DDL foreign key,yes,
inventory.count,journal_entry_id,ledger.journal_entry,reference,name,yes,
inventory.count,location_id,fnb.delivery_location,reference,convention,yes,yes
inventory.count,posted_by_principal_id,identity.principal,ambient,role,yes,
inventory.count,started_by_principal_id,identity.principal,ambient,role,yes,
inventory.goods_receipt,journal_entry_id,ledger.journal_entry,reference,name,yes,
inventory.goods_receipt,location_id,fnb.delivery_location,reference,convention,yes,yes
inventory.goods_receipt,purchase_order_id,inventory.purchase_order,reference,name,,yes
inventory.goods_receipt,received_by_principal_id,identity.principal,ambient,role,yes,yes
inventory.goods_receipt_line,goods_receipt_id,inventory.goods_receipt,child,child,,yes
inventory.goods_receipt_line,item_id,inventory.item,reference,name,,
inventory.item,preferred_supplier_id,inventory.supplier,reference,convention,,
inventory.item,venue_id,platform.scope_node,ambient,convention,yes,yes
inventory.location,parent_location_id,inventory.location,child,self-reference,,
inventory.location,venue_id,platform.scope_node,ambient,convention,yes,yes
inventory.movement,cost_center_id,ledger.cost_center,reference,convention,yes,
inventory.movement,item_id,inventory.item,reference,name,,yes
inventory.movement,journal_entry_id,ledger.journal_entry,reference,name,yes,
inventory.movement,location_id,fnb.delivery_location,reference,convention,yes,yes
inventory.movement,principal_id,identity.principal,ambient,convention,yes,yes
inventory.purchase_order,deliver_to_location_id,fnb.delivery_location,reference,convention,yes,
inventory.purchase_order,raised_by_principal_id,identity.principal,ambient,role,yes,
inventory.purchase_order,requisition_id,inventory.requisition,reference,name,,
inventory.purchase_order,supplier_id,inventory.supplier,reference,name,,yes
inventory.purchase_order_line,item_id,inventory.item,reference,name,,
inventory.purchase_order_line,purchase_order_id,inventory.purchase_order,child,child,,yes
inventory.quotation,requisition_id,inventory.requisition,reference,name,,yes
inventory.quotation,supplier_id,inventory.supplier,reference,name,,yes
inventory.quotation_line,item_id,inventory.item,reference,name,,yes
inventory.quotation_line,quotation_id,inventory.quotation,child,child,,yes
inventory.requisition,approved_by_principal_id,identity.principal,ambient,role,yes,
inventory.requisition,department_id,platform.scope_node,ambient,convention,yes,
inventory.requisition,raised_by_principal_id,identity.principal,ambient,role,yes,yes
inventory.requisition,venue_id,platform.scope_node,ambient,convention,yes,yes
inventory.requisition_line,item_id,inventory.item,reference,name,,
inventory.requisition_line,requisition_id,inventory.requisition,child,child,,yes
inventory.stock_level,item_id,inventory.item,reference,declared,,yes
inventory.supplier,account_id,ledger.account,reference,convention,yes,
inventory.transfer,dispatched_by_principal_id,identity.principal,ambient,role,yes,
inventory.transfer,from_location_id,fnb.delivery_location,reference,convention,yes,yes
inventory.transfer,received_by_principal_id,identity.principal,ambient,role,yes,
inventory.transfer,to_location_id,fnb.delivery_location,reference,convention,yes,yes
inventory.transfer_line,item_id,inventory.item,reference,name,,
inventory.transfer_line,transfer_id,inventory.transfer,child,child,,yes
ledger.account,legal_entity_id,ledger.legal_entity,reference,name,,yes
ledger.account,parent_id,ledger.account,child,self-reference,,
ledger.account_mapping,credit_account_id,ledger.account,child,prefix-qualified,,yes
ledger.account_mapping,debit_account_id,ledger.account,child,prefix-qualified,,yes
ledger.account_mapping,venue_id,platform.scope_node,ambient,convention,yes,
ledger.cost_center,parent_id,ledger.cost_center,child,self-reference,,
ledger.cost_center,venue_id,platform.scope_node,ambient,convention,yes,
ledger.entry,account_id,ledger.account,reference,convention,,yes
ledger.entry,cost_center_id,ledger.cost_center,reference,convention,,
ledger.entry,journal_entry_id,ledger.journal_entry,reference,name,,yes
ledger.entry,venue_id,platform.scope_node,ambient,convention,yes,
ledger.fiscal_period,closed_by_principal_id,identity.principal,ambient,role,yes,
ledger.fiscal_period,legal_entity_id,ledger.legal_entity,reference,name,,yes
ledger.fx_rate,region_id,platform.scope_node,ambient,declared,yes,yes
ledger.inter_entity_obligation,entitlement_id,catalogue.entitlement_template,reference,declared,yes,yes
ledger.journal_entry,approved_by_principal_id,identity.principal,ambient,role,yes,
ledger.journal_entry,fiscal_period_id,ledger.fiscal_period,reference,name,,yes
ledger.journal_entry,posted_by_principal_id,identity.principal,ambient,role,yes,
ledger.journal_entry,reversal_of_entry_id,ledger.entry,reference,manual,,
ledger.journal_entry,reversed_by_entry_id,ledger.entry,reference,manual,,
ledger.price_variance,journal_entry_id,ledger.journal_entry,reference,name,,
ledger.price_variance,order_id,orders.sales_order,reference,convention,yes,yes
ledger.price_variance,order_line_id,orders.order_line,reference,name,yes,yes
ledger.price_variance,reviewed_by_principal_id,identity.principal,ambient,role,yes,
ledger.price_variance,variant_id,catalogue.variant,reference,convention,yes,
ledger.price_variance,venue_id,platform.scope_node,ambient,convention,yes,yes
ledger.recognition_schedule,breakage_account_id,ledger.account,reference,prefix-qualified,,
ledger.recognition_schedule,deferred_account_id,ledger.account,reference,prefix-qualified,,
ledger.recognition_schedule,recognised_account_id,ledger.account,reference,prefix-qualified,,
ledger.settlement_exception,payment_id,orders.payment,reference,name,yes,
ledger.settlement_exception,resolved_by_principal_id,identity.principal,ambient,role,yes,
ledger.settlement_exception,settlement_id,ledger.settlement,child,name,,yes
ledger.tax_code,account_id,ledger.account,reference,convention,,
ledger.tax_code,compound_on_tax_code_id,ledger.tax_code,child,prefix-qualified,,
ledger.tax_exemption,tax_code_id,ledger.tax_code,child,name,,yes
maintenance.asset,linked_access_point_id,access.access_point,reference,prefix-qualified,yes,
maintenance.asset,supplier_id,inventory.supplier,reference,name,yes,
maintenance.asset,venue_id,platform.scope_node,ambient,convention,yes,yes
maintenance.incident,asset_id,maintenance.asset,reference,convention,,
maintenance.incident,assigned_to_principal_id,identity.principal,ambient,role,yes,
maintenance.incident,corrective_work_order_id,maintenance.work_order,reference,prefix-qualified,,
maintenance.incident,reported_by_principal_id,identity.principal,ambient,role,yes,yes
maintenance.incident,venue_id,platform.scope_node,ambient,convention,yes,yes
maintenance.inspection,asset_id,maintenance.asset,reference,convention,,
maintenance.inspection,performed_by_principal_id,identity.principal,ambient,role,yes,yes
maintenance.inspection,venue_id,platform.scope_node,ambient,convention,yes,yes
maintenance.inspection_template,venue_id,platform.scope_node,ambient,convention,yes,
maintenance.inspection_template_item,inspection_template_id,maintenance.inspection_template,child,child,,yes
maintenance.maintenance_plan,asset_id,maintenance.asset,reference,convention,,yes
maintenance.work_order,asset_id,maintenance.asset,reference,convention,,
maintenance.work_order,assigned_to_principal_id,identity.principal,ambient,role,yes,
maintenance.work_order,raised_by_principal_id,identity.principal,ambient,role,yes,
maintenance.work_order,source_incident_id,maintenance.incident,reference,prefix-qualified,,
maintenance.work_order,source_inspection_id,maintenance.inspection,reference,prefix-qualified,,
maintenance.work_order,source_plan_id,control.plan,reference,prefix-qualified,yes,
maintenance.work_order,venue_id,platform.scope_node,ambient,convention,yes,yes
maintenance.work_order_attachment,asset_ref,assets.media_asset,reference,declared,yes,yes
maintenance.work_order_attachment,work_order_id,maintenance.work_order,child,child,,yes
marketing.campaign,created_by_principal_id,identity.principal,ambient,role,yes,
marketing.campaign,segment_id,marketing.segment,reference,convention,,yes
marketing.campaign,venue_id,platform.scope_node,ambient,convention,yes,
marketing.case,assigned_to_principal_id,identity.principal,ambient,role,yes,
marketing.case,related_order_id,orders.sales_order,reference,convention,yes,
marketing.case,subject_id,pii.subject,ambient,convention,yes,
marketing.case,venue_id,platform.scope_node,ambient,convention,yes,
marketing.case_message,author_principal_id,identity.principal,ambient,convention,yes,
marketing.case_message,case_id,marketing.case,child,implied by path,,
marketing.consent_purpose,tenant_id,platform.tenant,ambient,declared,yes,yes
marketing.consent_record,recorded_by_principal_id,identity.principal,ambient,role,yes,
marketing.consent_record,subject_id,pii.subject,ambient,convention,yes,yes
marketing.guest_device,subject_id,pii.subject,ambient,convention,yes,yes
marketing.guest_profile,guest_link_id,platform.guest_link,reference,name,yes,
marketing.guest_profile,segment_id,marketing.segment,reference,implied by path,,
marketing.guest_profile,subject_id,pii.subject,ambient,convention,yes,yes
marketing.loyalty_position,programme_id,marketing.loyalty_programme,child,manual,,yes
marketing.loyalty_position,subject_id,pii.subject,ambient,convention,yes,yes
marketing.loyalty_programme,points_liability_account_id,ledger.account,reference,prefix-qualified,yes,
marketing.loyalty_programme,venue_id,platform.scope_node,ambient,convention,yes,
marketing.loyalty_tier,loyalty_programme_id,marketing.loyalty_programme,child,child,,yes
marketing.message_delivery,campaign_id,marketing.campaign,reference,declared,,yes
marketing.message_dispatch,campaign_id,marketing.campaign,reference,convention,,
marketing.message_dispatch,subject_id,pii.subject,ambient,convention,yes,yes
marketing.message_template,tenant_id,platform.tenant,ambient,declared,yes,yes
marketing.review,opened_case_id,marketing.case,reference,prefix-qualified,,
marketing.review,related_order_id,orders.sales_order,reference,convention,yes,
marketing.review,responded_by_principal_id,identity.principal,ambient,role,yes,
marketing.review,subject_id,pii.subject,ambient,convention,yes,
marketing.review,venue_id,platform.scope_node,ambient,convention,yes,yes
marketing.segment,venue_id,platform.scope_node,ambient,convention,yes,
marketing.segment_criterion,segment_id,marketing.segment,child,child,,yes
marketing.suppression,suppressed_by_principal_id,identity.principal,ambient,role,yes,
marketing.wishlist_item,performance_id,catalogue.performance,reference,convention,yes,
marketing.wishlist_item,subject_id,pii.subject,ambient,convention,yes,yes
marketing.wishlist_item,variant_id,catalogue.variant,reference,convention,yes,yes
orders.b2b_credit,account_id,ledger.account,reference,convention,yes,yes
orders.cash_count_line,shift_id,orders.shift,child,child,,yes
orders.cash_movement,authorised_by_principal_id,identity.principal,ambient,role,yes,yes
orders.cash_movement,shift_id,orders.shift,reference,name,,yes
orders.credit_override,b2b_credit_id,orders.b2b_credit,reference,declared,,yes
orders.no_sale_event,shift_id,orders.shift,child,child,,yes
orders.order_discount,order_id,orders.sales_order,child,child,,yes
orders.order_line,lease_id,catalogue.inventory_lease,reference,manual,yes,
orders.order_line,performance_id,catalogue.performance,reference,convention,yes,
orders.order_line,variant_id,catalogue.variant,reference,convention,yes,yes
orders.order_media_link,order_id,orders.sales_order,child,child,,yes
orders.payment,order_id,orders.sales_order,reference,convention,,yes
orders.payment_tip,payment_id,orders.payment,child,child,,yes
orders.refund,approved_by_principal_id,identity.principal,ambient,role,yes,
orders.refund,ledger_entry_id,ledger.entry,reference,manual,yes,
orders.refund,order_id,orders.sales_order,reference,convention,,yes
orders.refund,requested_by_principal_id,identity.principal,ambient,role,yes,
orders.refund,secondary_principal_id,identity.principal,ambient,convention,yes,
orders.refund_policy,venue_id,platform.scope_node,ambient,convention,yes,yes
orders.reservation,converted_order_id,orders.sales_order,reference,manual,,
orders.reservation,venue_id,platform.scope_node,ambient,convention,yes,yes
orders.sales_order,principal_id,identity.principal,ambient,convention,yes,
orders.sales_order,shift_id,orders.shift,reference,name,,
orders.sales_order,subject_id,pii.subject,ambient,convention,yes,
orders.sales_order,venue_id,platform.scope_node,ambient,convention,yes,yes
orders.sales_order,workstation_id,platform.workstation,reference,name,yes,
orders.shift,principal_id,identity.principal,ambient,convention,yes,yes
orders.shift,venue_id,platform.scope_node,ambient,convention,yes,yes
orders.shift,workstation_id,platform.workstation,reference,name,yes,yes
orders.ticket_transfer,from_subject_id,pii.subject,ambient,prefix-qualified,yes,
orders.ticket_transfer,order_id,orders.sales_order,reference,convention,,yes
orders.ticket_transfer,to_subject_id,pii.subject,ambient,prefix-qualified,yes,
pii.subject_biometric,subject_id,pii.subject,ambient,DDL foreign key,,
pii.subject_contact,subject_id,pii.subject,ambient,DDL foreign key,,
pii.subject_document,subject_id,pii.subject,ambient,DDL foreign key,,
platform.device,workstation_id,platform.workstation,reference,name,,yes
platform.device_heartbeat,device_id,platform.device,child,DDL foreign key,,
platform.dsar_request,guest_link_id,platform.guest_link,reference,name,,yes
platform.guest_link,guest_link_id,platform.guest_link,child,name,,yes
platform.outlet,cost_center_id,ledger.cost_center,reference,convention,yes,
platform.outlet,stock_location_id,inventory.location,reference,convention,yes,
platform.outlet,venue_id,platform.scope_node,ambient,convention,,yes
platform.redemption_right,admission_profile_id,access.admission_profile,reference,name,yes,
platform.redemption_right,guest_link_id,platform.guest_link,reference,name,,
platform.redemption_right,ticket_id,catalogue.entitlement_template,reference,convention,yes,yes
platform.redemption_right,venue_id,platform.scope_node,ambient,convention,,
platform.region_settings,scope_node_id,platform.scope_node,ambient,DDL foreign key,,
platform.sale_board,venue_id,platform.scope_node,ambient,convention,,yes
platform.sale_board_page,sale_board_id,platform.sale_board,child,child,,yes
platform.sale_board_tile,page_id,platform.sale_board_page,child,DDL foreign key,,
platform.scope_node,parent_id,platform.scope_node,ambient,self-reference,,
platform.tenant,home_region_id,platform.scope_node,ambient,DDL foreign key,,
platform.venue_settings,scope_node_id,platform.scope_node,ambient,DDL foreign key,,
platform.wallet_authorisation,guest_link_id,platform.guest_link,reference,name,,yes
platform.wallet_authorisation,order_id,orders.sales_order,reference,convention,yes,
platform.workstation,access_point_id,access.access_point,reference,name,yes,
platform.workstation,department_id,platform.scope_node,ambient,convention,,
platform.workstation,region_id,platform.scope_node,ambient,convention,,yes
platform.workstation,scope_node_id,platform.scope_node,ambient,DDL foreign key,,
platform.workstation,venue_id,platform.scope_node,ambient,convention,,yes
promotions.allocation_component,legal_entity_id,ledger.legal_entity,reference,name,yes,
promotions.allocation_component,revenue_account_id,ledger.account,reference,prefix-qualified,yes,
promotions.allocation_component,variant_id,catalogue.variant,reference,convention,yes,yes
promotions.allocation_component,venue_id,platform.scope_node,ambient,convention,yes,
promotions.allocation_split,bundle_id,promotions.bundle,reference,name,,yes
promotions.bundle,venue_id,platform.scope_node,ambient,convention,yes,yes
promotions.bundle_component,variant_id,catalogue.variant,reference,convention,yes,yes
promotions.bundle_component,venue_id,platform.scope_node,ambient,convention,yes,
promotions.coupon_campaign,venue_id,platform.scope_node,ambient,convention,yes,yes
promotions.coupon_code,assigned_subject_id,pii.subject,ambient,prefix-qualified,yes,
promotions.coupon_code,campaign_id,marketing.campaign,reference,convention,yes,yes
promotions.coupon_code,redeemed_order_id,orders.sales_order,reference,manual,yes,
promotions.promotion,venue_id,platform.scope_node,ambient,convention,yes,yes
promotions.upsell_rule,suggested_bundle_id,promotions.bundle,reference,prefix-qualified,,
promotions.voucher,batch_id,promotions.voucher_batch,child,manual,,yes
promotions.voucher_batch,venue_id,platform.scope_node,ambient,convention,yes,yes
queue.entry,entitlement_id,catalogue.entitlement_template,reference,convention,yes,
queue.entry,queue_id,queue.queue,reference,convention,,yes
queue.entry,subject_id,pii.subject,ambient,convention,yes,
queue.feed,queue_id,queue.queue,reference,convention,,yes
queue.queue,access_point_id,access.access_point,reference,name,yes,
queue.queue,asset_id,maintenance.asset,reference,convention,yes,
queue.queue,attraction_product_id,catalogue.product,reference,prefix-qualified,yes,
queue.queue,venue_id,platform.scope_node,ambient,convention,yes,yes
queue.reading,queue_id,queue.queue,child,child,,yes
reporting.dashboard,owner_principal_id,identity.principal,ambient,role,yes,yes
reporting.dashboard,venue_id,platform.scope_node,ambient,convention,yes,
reporting.dashboard_tile,report_id,reporting.report_definition,reference,convention,,yes
reporting.execution,report_id,reporting.report_definition,reference,convention,,yes
reporting.execution,requested_by_principal_id,identity.principal,ambient,role,yes,yes
reporting.execution,schedule_id,reporting.schedule,reference,name,,
reporting.export,execution_id,reporting.execution,reference,name,,yes
reporting.export,requested_by_principal_id,identity.principal,ambient,role,yes,yes
reporting.report_column,definition_id,reporting.report_definition,child,child,,yes
reporting.report_definition,created_by_principal_id,identity.principal,ambient,role,yes,
reporting.report_field,definition_id,reporting.report_definition,reference,declared,,yes
reporting.report_filter,definition_id,reporting.report_definition,child,child,,yes
reporting.report_parameter,definition_id,reporting.report_definition,child,child,,yes
reporting.schedule,owner_principal_id,identity.principal,ambient,role,yes,yes
reporting.schedule,report_id,reporting.report_definition,reference,convention,,yes
reporting.schedule_recipient,principal_id,identity.principal,ambient,convention,yes,
retail.exchange,new_sale_id,retail.sale,reference,prefix-qualified,,yes
retail.exchange,return_id,retail.return,reference,name,,yes
retail.exchange,sale_id,retail.sale,reference,convention,,yes
retail.gift_card,subject_id,pii.subject,ambient,declared,yes,yes
retail.merchandise,inventory_item_id,inventory.item,reference,convention,yes,
retail.merchandise,outlet_id,platform.outlet,reference,convention,yes,yes
retail.merchandise,variant_id,catalogue.variant,reference,convention,yes,yes
retail.reservation,outlet_id,platform.outlet,reference,convention,yes,yes
retail.reservation,subject_id,pii.subject,ambient,convention,yes,
retail.reservation_line,merchandise_id,retail.merchandise,reference,convention,,
retail.reservation_line,reservation_id,retail.reservation,child,child,,yes
retail.return,accepted_by_principal_id,identity.principal,ambient,role,yes,
retail.return,refund_id,orders.refund,reference,name,yes,
retail.return,sale_id,retail.sale,reference,convention,,yes
retail.return,secondary_principal_id,identity.principal,ambient,convention,yes,
retail.return_line,merchandise_id,retail.merchandise,reference,convention,,
retail.return_line,return_id,retail.return,child,child,,yes
retail.return_policy,outlet_id,platform.outlet,reference,convention,yes,yes
retail.sale,order_id,orders.sales_order,reference,convention,yes,yes
retail.sale,outlet_id,platform.outlet,reference,convention,yes,yes
retail.sale,shift_id,orders.shift,reference,name,yes,
retail.sale,subject_id,pii.subject,ambient,convention,yes,
retail.sale_line,merchandise_id,retail.merchandise,reference,convention,,
retail.sale_line,sale_id,retail.sale,child,child,,yes
retail.shop_and_drop,collected_by,identity.principal,ambient,DDL foreign key,yes,
retail.shop_and_drop,collected_by_principal_id,identity.principal,ambient,role,yes,
retail.shop_and_drop,collection_point_id,fnb.delivery_location,reference,convention,yes,yes
retail.shop_and_drop,entitlement_id,catalogue.entitlement_template,reference,convention,yes,
retail.shop_and_drop,sale_id,retail.sale,reference,convention,,yes
retail.shop_and_drop,subject_id,pii.subject,ambient,convention,yes,
retail.shop_and_drop,venue_id,platform.scope_node,ambient,DDL composite FK,yes,
retail.shop_and_drop_line,drop_id,retail.shop_and_drop,child,DDL foreign key,,
retail.shop_and_drop_line,merchandise_id,retail.merchandise,reference,convention,,
retail.shop_and_drop_line,shop_and_drop_id,retail.shop_and_drop,child,child,,yes
retail.wallet,subject_id,pii.subject,ambient,convention,yes,yes
retail.wallet_transaction,order_id,orders.sales_order,reference,convention,yes,
retail.wallet_transaction,principal_id,identity.principal,ambient,convention,yes,
retail.wallet_transaction,subject_id,retail.wallet,child,implied by path,,
retail.wallet_transaction,venue_id,platform.scope_node,ambient,convention,yes,
seating.import_job,seat_map_id,seating.seat_map,reference,convention,,yes
seating.seat,seat_map_id,seating.seat_map,child,implied by path,,
seating.seat_block,created_by_principal_id,identity.principal,ambient,role,yes,
seating.seat_block,performance_id,catalogue.performance,reference,convention,yes,yes
seating.seat_category,venue_id,platform.scope_node,ambient,convention,yes,yes
seating.seat_hold,block_id,seating.seat_block,child,implied by path,,
seating.seat_hold,held_by_principal_id,identity.principal,ambient,role,yes,
seating.seat_hold,performance_id,catalogue.performance,reference,convention,yes,yes
seating.seat_hold,subject_id,pii.subject,ambient,convention,yes,
seating.seat_map,venue_id,platform.scope_node,ambient,convention,yes,yes
seating.seat_map_template,region_id,platform.scope_node,ambient,declared,yes,yes
seating.seating_rules,seat_map_id,seating.seat_map,reference,convention,,yes
seating.section_row,section_id,seating.section,child,child,,yes
sync.rejection,resolved_by_principal_id,identity.principal,ambient,role,yes,
sync.rejection,workstation_id,platform.workstation,reference,name,yes,yes
whitelabel.banner,tenant_config_id,whitelabel.tenant_config,child,child,,yes
whitelabel.config_version,published_by_principal_id,identity.principal,ambient,role,yes,yes
whitelabel.faq_entry,faq_category_id,whitelabel.faq_category,child,child,,yes
whitelabel.feature_toggle,tenant_config_id,whitelabel.tenant_config,child,child,,yes
whitelabel.homepage_section,content_page_id,whitelabel.content_page,reference,name,,
whitelabel.homepage_section,homepage_section_id,whitelabel.homepage_section,child,child,,yes
whitelabel.module_enablement,tenant_config_id,whitelabel.tenant_config,child,child,,yes
whitelabel.navigation_item,navigation_item_id,whitelabel.navigation_item,child,child,,yes
whitelabel.policy,published_by_principal_id,identity.principal,ambient,role,yes,
whitelabel.promo_block,promotion_id,promotions.promotion,reference,convention,yes,
whitelabel.tenant_config,tenant_id,platform.tenant,ambient,convention,yes,yes
workforce.announcement,venue_id,platform.scope_node,ambient,declared,yes,yes
workforce.announcement_receipt,announcement_id,workforce.announcement,child,child,,yes
workforce.announcement_receipt,principal_id,identity.principal,ambient,declared,yes,yes
workforce.attendance,assignment_id,workforce.rota_assignment,reference,declared,,yes
workforce.attendance,principal_id,identity.principal,ambient,declared,yes,yes
workforce.rota_assignment,principal_id,identity.principal,ambient,declared,yes,yes
workforce.rota_assignment,venue_id,platform.scope_node,ambient,declared,yes,yes
workforce.rota_assignment,workstation_id,platform.workstation,reference,declared,yes,yes
workforce.shift_swap,approval_request_id,approvals.request,reference,declared,yes,yes
workforce.shift_swap,assignment_id,workforce.rota_assignment,child,child,,yes
